-- phpMyAdmin SQL Dump
-- version 5.2.1
-- https://www.phpmyadmin.net/
--
-- Host: 127.0.0.1
-- Generation Time: Dec 15, 2025 at 02:00 AM
-- Server version: 10.4.32-MariaDB
-- PHP Version: 8.2.12

SET SQL_MODE = "NO_AUTO_VALUE_ON_ZERO";
START TRANSACTION;
SET time_zone = "+00:00";


/*!40101 SET @OLD_CHARACTER_SET_CLIENT=@@CHARACTER_SET_CLIENT */;
/*!40101 SET @OLD_CHARACTER_SET_RESULTS=@@CHARACTER_SET_RESULTS */;
/*!40101 SET @OLD_COLLATION_CONNECTION=@@COLLATION_CONNECTION */;
/*!40101 SET NAMES utf8mb4 */;

--
-- Database: `dw_basdat`
--

-- --------------------------------------------------------

--
-- Table structure for table `dim_customer`
--

CREATE TABLE `dim_customer` (
  `customer_key` int(11) NOT NULL,
  `id_pengguna` bigint(20) DEFAULT NULL,
  `nama_lengkap` varchar(255) DEFAULT NULL,
  `email` varchar(255) DEFAULT NULL,
  `alamat` text DEFAULT NULL,
  `no_telepon` varchar(255) DEFAULT NULL
) ENGINE=InnoDB DEFAULT CHARSET=utf8mb4 COLLATE=utf8mb4_general_ci;

--
-- Dumping data for table `dim_customer`
--

INSERT INTO `dim_customer` (`customer_key`, `id_pengguna`, `nama_lengkap`, `email`, `alamat`, `no_telepon`) VALUES
(1, 1, 'Harvest Walukow', 'harvest@gmail.com', 'Surabaya', '082396333595'),
(2, 2, 'Coba Aja', 'tes1@gmail.com', 'Surabaya', '0812345678');

-- --------------------------------------------------------

--
-- Table structure for table `dim_hewan`
--

CREATE TABLE `dim_hewan` (
  `hewan_key` int(11) NOT NULL,
  `id_hewan` bigint(20) DEFAULT NULL,
  `nama_hewan` varchar(255) DEFAULT NULL,
  `jenis_hewan` varchar(100) DEFAULT NULL,
  `ras` varchar(100) DEFAULT NULL,
  `umur` int(11) DEFAULT NULL,
  `jenis_kelamin` varchar(50) DEFAULT NULL,
  `berat` decimal(8,2) DEFAULT NULL
) ENGINE=InnoDB DEFAULT CHARSET=utf8mb4 COLLATE=utf8mb4_general_ci;

--
-- Dumping data for table `dim_hewan`
--

INSERT INTO `dim_hewan` (`hewan_key`, `id_hewan`, `nama_hewan`, `jenis_hewan`, `ras`, `umur`, `jenis_kelamin`, `berat`) VALUES
(1, 1, 'Roscoe', 'dog', 'Bulldog', 20, 'tidak diketahui', 20.00),
(2, 2, 'Coco', 'dog', 'Bulldog', 20, 'tidak diketahui', 10.00),
(3, 3, 'Roscoe', 'anjing', 'Bulldog', 1, 'tidak diketahui', 2.00),
(4, 8, 'Roscoe', 'dog', 'Bulldog', 20, 'tidak diketahui', 20.00),
(5, 9, 'Roscoe', 'dog', 'Bulldog', 20, 'tidak diketahui', 20.00),
(6, 10, 'Roscoe', 'dog', 'Bulldog', 20, 'tidak diketahui', 20.00),
(7, 11, 'Roscoe', 'dog', 'Bulldog', 20, 'tidak diketahui', 20.00),
(8, 12, 'Roscoe', 'dog', 'Bulldog', 20, 'tidak diketahui', 20.00),
(9, 13, 'Black', 'dog', 'Bulldog', 20, 'tidak diketahui', 20.00),
(10, 14, 'Roscoe', 'dog', 'Bulldog', 20, 'tidak diketahui', 20.00),
(11, 15, 'Roscoe', 'dog', 'Bulldog', 20, 'tidak diketahui', 20.00),
(12, 16, 'Roscoe', 'dog', 'Bulldog', 20, 'tidak diketahui', 20.00),
(13, 17, 'Roscoe', 'dog', 'Bulldog', 20, 'tidak diketahui', 20.00),
(14, 18, 'Coco', 'dog', 'Bulldog', 20, 'tidak diketahui', 20.00),
(15, 19, 'Roscoe', 'dog', 'Bulldog', 20, 'tidak diketahui', 20.00),
(16, 20, 'Black', 'cat', 'Bulldog', 20, 'tidak diketahui', 50.00),
(17, 24, 'Helo', 'kucing', 'Bulldog', 2, 'tidak diketahui', 2.00);

-- --------------------------------------------------------

--
-- Table structure for table `dim_paket`
--

CREATE TABLE `dim_paket` (
  `paket_key` int(11) NOT NULL,
  `id_paket` bigint(20) DEFAULT NULL,
  `nama_paket` varchar(255) DEFAULT NULL,
  `harga_per_hari` decimal(10,2) DEFAULT NULL,
  `is_active` tinyint(4) DEFAULT NULL
) ENGINE=InnoDB DEFAULT CHARSET=utf8mb4 COLLATE=utf8mb4_general_ci;

--
-- Dumping data for table `dim_paket`
--

INSERT INTO `dim_paket` (`paket_key`, `id_paket`, `nama_paket`, `harga_per_hari`, `is_active`) VALUES
(1, 1, 'Paket Basic', 150000.00, 1),
(2, 2, 'Paket Premium', 250000.00, 1),
(3, 3, 'Grooming Premium', 150000.00, 1),
(4, 4, 'Kolam Renang', 100000.00, 1),
(5, 5, 'Pick-up & Delivery', 100000.00, 1),
(6, 6, 'Enrichment Extra', 45000.00, 1);

-- --------------------------------------------------------

--
-- Table structure for table `dim_pembayaran`
--

CREATE TABLE `dim_pembayaran` (
  `pembayaran_key` int(11) NOT NULL,
  `metode_pembayaran` varchar(50) DEFAULT NULL,
  `status_pembayaran` varchar(50) DEFAULT NULL
) ENGINE=InnoDB DEFAULT CHARSET=utf8mb4 COLLATE=utf8mb4_general_ci;

--
-- Dumping data for table `dim_pembayaran`
--

INSERT INTO `dim_pembayaran` (`pembayaran_key`, `metode_pembayaran`, `status_pembayaran`) VALUES
(1, 'cash', 'lunas'),
(2, 'qris', 'lunas'),
(3, 'cash', 'pending'),
(4, 'kartu_kredit', 'lunas');

-- --------------------------------------------------------

--
-- Table structure for table `dim_staff`
--

CREATE TABLE `dim_staff` (
  `staff_key` int(11) NOT NULL,
  `id_pengguna` bigint(20) DEFAULT NULL,
  `nama_lengkap` varchar(255) DEFAULT NULL,
  `email` varchar(255) DEFAULT NULL,
  `role` varchar(50) DEFAULT NULL,
  `specialization` varchar(100) DEFAULT NULL
) ENGINE=InnoDB DEFAULT CHARSET=utf8mb4 COLLATE=utf8mb4_general_ci;

--
-- Dumping data for table `dim_staff`
--

INSERT INTO `dim_staff` (`staff_key`, `id_pengguna`, `nama_lengkap`, `email`, `role`, `specialization`) VALUES
(1, 5, 'baim', 'baim@gmail.com', 'staff', 'groomer'),
(2, 6, 'Harvest', 'apes@gmail.com', 'admin', 'handler'),
(3, 8, 'Tes', 'testes@gmail.com', 'staff', 'groomer');

-- --------------------------------------------------------

--
-- Table structure for table `dim_status_penitipan`
--

CREATE TABLE `dim_status_penitipan` (
  `status_key` int(11) NOT NULL,
  `status` varchar(50) DEFAULT NULL
) ENGINE=InnoDB DEFAULT CHARSET=utf8mb4 COLLATE=utf8mb4_general_ci;

--
-- Dumping data for table `dim_status_penitipan`
--

INSERT INTO `dim_status_penitipan` (`status_key`, `status`) VALUES
(1, 'aktif'),
(2, 'pending');

-- --------------------------------------------------------

--
-- Table structure for table `dim_waktu`
--

CREATE TABLE `dim_waktu` (
  `waktu_key` int(11) NOT NULL,
  `tanggal` date DEFAULT NULL,
  `hari` int(11) DEFAULT NULL,
  `bulan` int(11) DEFAULT NULL,
  `tahun` int(11) DEFAULT NULL,
  `quarter` int(11) DEFAULT NULL
) ENGINE=InnoDB DEFAULT CHARSET=utf8mb4 COLLATE=utf8mb4_general_ci;

--
-- Dumping data for table `dim_waktu`
--

INSERT INTO `dim_waktu` (`waktu_key`, `tanggal`, `hari`, `bulan`, `tahun`, `quarter`) VALUES
(0, '2025-10-01', 1, 10, 2025, 4),
(1, '2025-10-02', 2, 10, 2025, 4),
(2, '2025-10-03', 3, 10, 2025, 4),
(3, '2025-10-04', 4, 10, 2025, 4),
(4, '2025-10-05', 5, 10, 2025, 4),
(5, '2025-10-06', 6, 10, 2025, 4),
(6, '2025-10-07', 7, 10, 2025, 4),
(7, '2025-10-08', 8, 10, 2025, 4),
(8, '2025-10-09', 9, 10, 2025, 4),
(9, '2025-10-10', 10, 10, 2025, 4),
(10, '2025-10-11', 11, 10, 2025, 4),
(11, '2025-10-12', 12, 10, 2025, 4),
(12, '2025-10-13', 13, 10, 2025, 4),
(13, '2025-10-14', 14, 10, 2025, 4),
(14, '2025-10-15', 15, 10, 2025, 4),
(15, '2025-10-16', 16, 10, 2025, 4),
(16, '2025-10-17', 17, 10, 2025, 4),
(17, '2025-10-18', 18, 10, 2025, 4),
(18, '2025-10-19', 19, 10, 2025, 4),
(19, '2025-10-20', 20, 10, 2025, 4),
(20, '2025-10-21', 21, 10, 2025, 4),
(21, '2025-10-22', 22, 10, 2025, 4),
(22, '2025-10-23', 23, 10, 2025, 4),
(23, '2025-10-24', 24, 10, 2025, 4),
(24, '2025-10-25', 25, 10, 2025, 4),
(25, '2025-10-26', 26, 10, 2025, 4),
(26, '2025-10-27', 27, 10, 2025, 4),
(27, '2025-10-28', 28, 10, 2025, 4),
(28, '2025-10-29', 29, 10, 2025, 4),
(29, '2025-10-30', 30, 10, 2025, 4),
(30, '2025-10-31', 31, 10, 2025, 4),
(31, '2025-11-01', 1, 11, 2025, 4),
(32, '2025-11-02', 2, 11, 2025, 4),
(33, '2025-11-03', 3, 11, 2025, 4),
(34, '2025-11-04', 4, 11, 2025, 4),
(35, '2025-11-05', 5, 11, 2025, 4),
(36, '2025-11-06', 6, 11, 2025, 4),
(37, '2025-11-07', 7, 11, 2025, 4),
(38, '2025-11-08', 8, 11, 2025, 4),
(39, '2025-11-09', 9, 11, 2025, 4),
(40, '2025-11-10', 10, 11, 2025, 4),
(41, '2025-11-11', 11, 11, 2025, 4),
(42, '2025-11-12', 12, 11, 2025, 4),
(43, '2025-11-13', 13, 11, 2025, 4),
(44, '2025-11-14', 14, 11, 2025, 4),
(45, '2025-11-15', 15, 11, 2025, 4),
(46, '2025-11-16', 16, 11, 2025, 4),
(47, '2025-11-17', 17, 11, 2025, 4),
(48, '2025-11-18', 18, 11, 2025, 4),
(49, '2025-11-19', 19, 11, 2025, 4),
(50, '2025-11-20', 20, 11, 2025, 4),
(51, '2025-11-21', 21, 11, 2025, 4),
(52, '2025-11-22', 22, 11, 2025, 4),
(53, '2025-11-23', 23, 11, 2025, 4),
(54, '2025-11-24', 24, 11, 2025, 4),
(55, '2025-11-25', 25, 11, 2025, 4),
(56, '2025-11-26', 26, 11, 2025, 4),
(57, '2025-11-27', 27, 11, 2025, 4),
(58, '2025-11-28', 28, 11, 2025, 4),
(59, '2025-11-29', 29, 11, 2025, 4),
(60, '2025-11-30', 30, 11, 2025, 4),
(61, '2025-12-01', 1, 12, 2025, 4),
(62, '2025-12-02', 2, 12, 2025, 4),
(63, '2025-12-03', 3, 12, 2025, 4),
(64, '2025-12-04', 4, 12, 2025, 4),
(65, '2025-12-05', 5, 12, 2025, 4),
(66, '2025-12-06', 6, 12, 2025, 4),
(67, '2025-12-07', 7, 12, 2025, 4),
(68, '2025-12-08', 8, 12, 2025, 4),
(69, '2025-12-09', 9, 12, 2025, 4),
(70, '2025-12-10', 10, 12, 2025, 4),
(71, '2025-12-11', 11, 12, 2025, 4),
(72, '2025-12-12', 12, 12, 2025, 4),
(73, '2025-12-13', 13, 12, 2025, 4),
(74, '2025-12-14', 14, 12, 2025, 4),
(75, '2025-12-15', 15, 12, 2025, 4),
(76, '2025-12-16', 16, 12, 2025, 4),
(77, '2025-12-17', 17, 12, 2025, 4),
(78, '2025-12-18', 18, 12, 2025, 4),
(79, '2025-12-19', 19, 12, 2025, 4),
(80, '2025-12-20', 20, 12, 2025, 4),
(81, '2025-12-21', 21, 12, 2025, 4),
(82, '2025-12-22', 22, 12, 2025, 4),
(83, '2025-12-23', 23, 12, 2025, 4),
(84, '2025-12-24', 24, 12, 2025, 4),
(85, '2025-12-25', 25, 12, 2025, 4),
(86, '2025-12-26', 26, 12, 2025, 4),
(87, '2025-12-27', 27, 12, 2025, 4),
(88, '2025-12-28', 28, 12, 2025, 4),
(89, '2025-12-29', 29, 12, 2025, 4),
(90, '2025-12-30', 30, 12, 2025, 4),
(91, '2025-12-31', 31, 12, 2025, 4),
(92, '2026-01-01', 1, 1, 2026, 1),
(93, '2026-01-02', 2, 1, 2026, 1),
(94, '2026-01-03', 3, 1, 2026, 1),
(95, '2026-01-04', 4, 1, 2026, 1),
(96, '2026-01-05', 5, 1, 2026, 1),
(97, '2026-01-06', 6, 1, 2026, 1),
(98, '2026-01-07', 7, 1, 2026, 1),
(99, '2026-01-08', 8, 1, 2026, 1),
(100, '2026-01-09', 9, 1, 2026, 1),
(101, '2026-01-10', 10, 1, 2026, 1),
(102, '2026-01-11', 11, 1, 2026, 1),
(103, '2026-01-12', 12, 1, 2026, 1),
(104, '2026-01-13', 13, 1, 2026, 1),
(105, '2026-01-14', 14, 1, 2026, 1),
(106, '2026-01-15', 15, 1, 2026, 1),
(107, '2026-01-16', 16, 1, 2026, 1),
(108, '2026-01-17', 17, 1, 2026, 1),
(109, '2026-01-18', 18, 1, 2026, 1),
(110, '2026-01-19', 19, 1, 2026, 1),
(111, '2026-01-20', 20, 1, 2026, 1),
(112, '2026-01-21', 21, 1, 2026, 1),
(113, '2026-01-22', 22, 1, 2026, 1),
(114, '2026-01-23', 23, 1, 2026, 1),
(115, '2026-01-24', 24, 1, 2026, 1),
(116, '2026-01-25', 25, 1, 2026, 1),
(117, '2026-01-26', 26, 1, 2026, 1),
(118, '2026-01-27', 27, 1, 2026, 1),
(119, '2026-01-28', 28, 1, 2026, 1),
(120, '2026-01-29', 29, 1, 2026, 1),
(121, '2026-01-30', 30, 1, 2026, 1),
(122, '2026-01-31', 31, 1, 2026, 1),
(123, '2026-02-01', 1, 2, 2026, 1),
(124, '2026-02-02', 2, 2, 2026, 1),
(125, '2026-02-03', 3, 2, 2026, 1),
(126, '2026-02-04', 4, 2, 2026, 1),
(127, '2026-02-05', 5, 2, 2026, 1),
(128, '2026-02-06', 6, 2, 2026, 1),
(129, '2026-02-07', 7, 2, 2026, 1),
(130, '2026-02-08', 8, 2, 2026, 1),
(131, '2026-02-09', 9, 2, 2026, 1),
(132, '2026-02-10', 10, 2, 2026, 1),
(133, '2026-02-11', 11, 2, 2026, 1),
(134, '2026-02-12', 12, 2, 2026, 1),
(135, '2026-02-13', 13, 2, 2026, 1),
(136, '2026-02-14', 14, 2, 2026, 1),
(137, '2026-02-15', 15, 2, 2026, 1),
(138, '2026-02-16', 16, 2, 2026, 1),
(139, '2026-02-17', 17, 2, 2026, 1),
(140, '2026-02-18', 18, 2, 2026, 1),
(141, '2026-02-19', 19, 2, 2026, 1),
(142, '2026-02-20', 20, 2, 2026, 1),
(143, '2026-02-21', 21, 2, 2026, 1),
(144, '2026-02-22', 22, 2, 2026, 1),
(145, '2026-02-23', 23, 2, 2026, 1),
(146, '2026-02-24', 24, 2, 2026, 1),
(147, '2026-02-25', 25, 2, 2026, 1),
(148, '2026-02-26', 26, 2, 2026, 1),
(149, '2026-02-27', 27, 2, 2026, 1),
(150, '2026-02-28', 28, 2, 2026, 1),
(151, '2026-03-01', 1, 3, 2026, 1),
(152, '2026-03-02', 2, 3, 2026, 1),
(153, '2026-03-03', 3, 3, 2026, 1),
(154, '2026-03-04', 4, 3, 2026, 1),
(155, '2026-03-05', 5, 3, 2026, 1),
(156, '2026-03-06', 6, 3, 2026, 1),
(157, '2026-03-07', 7, 3, 2026, 1),
(158, '2026-03-08', 8, 3, 2026, 1),
(159, '2026-03-09', 9, 3, 2026, 1),
(160, '2026-03-10', 10, 3, 2026, 1),
(161, '2026-03-11', 11, 3, 2026, 1),
(162, '2026-03-12', 12, 3, 2026, 1),
(163, '2026-03-13', 13, 3, 2026, 1),
(164, '2026-03-14', 14, 3, 2026, 1),
(165, '2026-03-15', 15, 3, 2026, 1),
(166, '2026-03-16', 16, 3, 2026, 1),
(167, '2026-03-17', 17, 3, 2026, 1),
(168, '2026-03-18', 18, 3, 2026, 1),
(169, '2026-03-19', 19, 3, 2026, 1),
(170, '2026-03-20', 20, 3, 2026, 1),
(171, '2026-03-21', 21, 3, 2026, 1),
(172, '2026-03-22', 22, 3, 2026, 1),
(173, '2026-03-23', 23, 3, 2026, 1),
(174, '2026-03-24', 24, 3, 2026, 1),
(175, '2026-03-25', 25, 3, 2026, 1),
(176, '2026-03-26', 26, 3, 2026, 1),
(177, '2026-03-27', 27, 3, 2026, 1),
(178, '2026-03-28', 28, 3, 2026, 1),
(179, '2026-03-29', 29, 3, 2026, 1),
(180, '2026-03-30', 30, 3, 2026, 1),
(181, '2026-03-31', 31, 3, 2026, 1),
(182, '2026-04-01', 1, 4, 2026, 2),
(183, '2026-04-02', 2, 4, 2026, 2),
(184, '2026-04-03', 3, 4, 2026, 2),
(185, '2026-04-04', 4, 4, 2026, 2),
(186, '2026-04-05', 5, 4, 2026, 2),
(187, '2026-04-06', 6, 4, 2026, 2),
(188, '2026-04-07', 7, 4, 2026, 2),
(189, '2026-04-08', 8, 4, 2026, 2),
(190, '2026-04-09', 9, 4, 2026, 2),
(191, '2026-04-10', 10, 4, 2026, 2),
(192, '2026-04-11', 11, 4, 2026, 2),
(193, '2026-04-12', 12, 4, 2026, 2),
(194, '2026-04-13', 13, 4, 2026, 2),
(195, '2026-04-14', 14, 4, 2026, 2),
(196, '2026-04-15', 15, 4, 2026, 2),
(197, '2026-04-16', 16, 4, 2026, 2),
(198, '2026-04-17', 17, 4, 2026, 2),
(199, '2026-04-18', 18, 4, 2026, 2),
(200, '2026-04-19', 19, 4, 2026, 2),
(201, '2026-04-20', 20, 4, 2026, 2),
(202, '2026-04-21', 21, 4, 2026, 2),
(203, '2026-04-22', 22, 4, 2026, 2),
(204, '2026-04-23', 23, 4, 2026, 2),
(205, '2026-04-24', 24, 4, 2026, 2),
(206, '2026-04-25', 25, 4, 2026, 2),
(207, '2026-04-26', 26, 4, 2026, 2),
(208, '2026-04-27', 27, 4, 2026, 2),
(209, '2026-04-28', 28, 4, 2026, 2),
(210, '2026-04-29', 29, 4, 2026, 2),
(211, '2026-04-30', 30, 4, 2026, 2),
(212, '2026-05-01', 1, 5, 2026, 2),
(213, '2026-05-02', 2, 5, 2026, 2),
(214, '2026-05-03', 3, 5, 2026, 2),
(215, '2026-05-04', 4, 5, 2026, 2),
(216, '2026-05-05', 5, 5, 2026, 2),
(217, '2026-05-06', 6, 5, 2026, 2),
(218, '2026-05-07', 7, 5, 2026, 2),
(219, '2026-05-08', 8, 5, 2026, 2),
(220, '2026-05-09', 9, 5, 2026, 2),
(221, '2026-05-10', 10, 5, 2026, 2),
(222, '2026-05-11', 11, 5, 2026, 2),
(223, '2026-05-12', 12, 5, 2026, 2),
(224, '2026-05-13', 13, 5, 2026, 2),
(225, '2026-05-14', 14, 5, 2026, 2),
(226, '2026-05-15', 15, 5, 2026, 2),
(227, '2026-05-16', 16, 5, 2026, 2),
(228, '2026-05-17', 17, 5, 2026, 2),
(229, '2026-05-18', 18, 5, 2026, 2),
(230, '2026-05-19', 19, 5, 2026, 2),
(231, '2026-05-20', 20, 5, 2026, 2),
(232, '2026-05-21', 21, 5, 2026, 2),
(233, '2026-05-22', 22, 5, 2026, 2),
(234, '2026-05-23', 23, 5, 2026, 2),
(235, '2026-05-24', 24, 5, 2026, 2),
(236, '2026-05-25', 25, 5, 2026, 2),
(237, '2026-05-26', 26, 5, 2026, 2),
(238, '2026-05-27', 27, 5, 2026, 2),
(239, '2026-05-28', 28, 5, 2026, 2),
(240, '2026-05-29', 29, 5, 2026, 2),
(241, '2026-05-30', 30, 5, 2026, 2),
(242, '2026-05-31', 31, 5, 2026, 2),
(243, '2026-06-01', 1, 6, 2026, 2),
(244, '2026-06-02', 2, 6, 2026, 2),
(245, '2026-06-03', 3, 6, 2026, 2),
(246, '2026-06-04', 4, 6, 2026, 2),
(247, '2026-06-05', 5, 6, 2026, 2),
(248, '2026-06-06', 6, 6, 2026, 2),
(249, '2026-06-07', 7, 6, 2026, 2),
(250, '2026-06-08', 8, 6, 2026, 2),
(251, '2026-06-09', 9, 6, 2026, 2),
(252, '2026-06-10', 10, 6, 2026, 2),
(253, '2026-06-11', 11, 6, 2026, 2),
(254, '2026-06-12', 12, 6, 2026, 2),
(255, '2026-06-13', 13, 6, 2026, 2),
(256, '2026-06-14', 14, 6, 2026, 2),
(257, '2026-06-15', 15, 6, 2026, 2),
(258, '2026-06-16', 16, 6, 2026, 2),
(259, '2026-06-17', 17, 6, 2026, 2),
(260, '2026-06-18', 18, 6, 2026, 2),
(261, '2026-06-19', 19, 6, 2026, 2),
(262, '2026-06-20', 20, 6, 2026, 2),
(263, '2026-06-21', 21, 6, 2026, 2),
(264, '2026-06-22', 22, 6, 2026, 2),
(265, '2026-06-23', 23, 6, 2026, 2),
(266, '2026-06-24', 24, 6, 2026, 2),
(267, '2026-06-25', 25, 6, 2026, 2),
(268, '2026-06-26', 26, 6, 2026, 2),
(269, '2026-06-27', 27, 6, 2026, 2),
(270, '2026-06-28', 28, 6, 2026, 2),
(271, '2026-06-29', 29, 6, 2026, 2),
(272, '2026-06-30', 30, 6, 2026, 2),
(273, '2026-07-01', 1, 7, 2026, 3),
(274, '2026-07-02', 2, 7, 2026, 3),
(275, '2026-07-03', 3, 7, 2026, 3),
(276, '2026-07-04', 4, 7, 2026, 3),
(277, '2026-07-05', 5, 7, 2026, 3),
(278, '2026-07-06', 6, 7, 2026, 3),
(279, '2026-07-07', 7, 7, 2026, 3),
(280, '2026-07-08', 8, 7, 2026, 3),
(281, '2026-07-09', 9, 7, 2026, 3),
(282, '2026-07-10', 10, 7, 2026, 3),
(283, '2026-07-11', 11, 7, 2026, 3),
(284, '2026-07-12', 12, 7, 2026, 3),
(285, '2026-07-13', 13, 7, 2026, 3),
(286, '2026-07-14', 14, 7, 2026, 3),
(287, '2026-07-15', 15, 7, 2026, 3),
(288, '2026-07-16', 16, 7, 2026, 3),
(289, '2026-07-17', 17, 7, 2026, 3),
(290, '2026-07-18', 18, 7, 2026, 3),
(291, '2026-07-19', 19, 7, 2026, 3),
(292, '2026-07-20', 20, 7, 2026, 3),
(293, '2026-07-21', 21, 7, 2026, 3),
(294, '2026-07-22', 22, 7, 2026, 3),
(295, '2026-07-23', 23, 7, 2026, 3),
(296, '2026-07-24', 24, 7, 2026, 3),
(297, '2026-07-25', 25, 7, 2026, 3),
(298, '2026-07-26', 26, 7, 2026, 3),
(299, '2026-07-27', 27, 7, 2026, 3),
(300, '2026-07-28', 28, 7, 2026, 3),
(301, '2026-07-29', 29, 7, 2026, 3),
(302, '2026-07-30', 30, 7, 2026, 3),
(303, '2026-07-31', 31, 7, 2026, 3),
(304, '2026-08-01', 1, 8, 2026, 3),
(305, '2026-08-02', 2, 8, 2026, 3),
(306, '2026-08-03', 3, 8, 2026, 3),
(307, '2026-08-04', 4, 8, 2026, 3),
(308, '2026-08-05', 5, 8, 2026, 3),
(309, '2026-08-06', 6, 8, 2026, 3),
(310, '2026-08-07', 7, 8, 2026, 3),
(311, '2026-08-08', 8, 8, 2026, 3),
(312, '2026-08-09', 9, 8, 2026, 3),
(313, '2026-08-10', 10, 8, 2026, 3),
(314, '2026-08-11', 11, 8, 2026, 3),
(315, '2026-08-12', 12, 8, 2026, 3),
(316, '2026-08-13', 13, 8, 2026, 3),
(317, '2026-08-14', 14, 8, 2026, 3),
(318, '2026-08-15', 15, 8, 2026, 3),
(319, '2026-08-16', 16, 8, 2026, 3),
(320, '2026-08-17', 17, 8, 2026, 3),
(321, '2026-08-18', 18, 8, 2026, 3),
(322, '2026-08-19', 19, 8, 2026, 3),
(323, '2026-08-20', 20, 8, 2026, 3),
(324, '2026-08-21', 21, 8, 2026, 3),
(325, '2026-08-22', 22, 8, 2026, 3),
(326, '2026-08-23', 23, 8, 2026, 3),
(327, '2026-08-24', 24, 8, 2026, 3),
(328, '2026-08-25', 25, 8, 2026, 3),
(329, '2026-08-26', 26, 8, 2026, 3),
(330, '2026-08-27', 27, 8, 2026, 3),
(331, '2026-08-28', 28, 8, 2026, 3),
(332, '2026-08-29', 29, 8, 2026, 3),
(333, '2026-08-30', 30, 8, 2026, 3),
(334, '2026-08-31', 31, 8, 2026, 3),
(335, '2026-09-01', 1, 9, 2026, 3),
(336, '2026-09-02', 2, 9, 2026, 3),
(337, '2026-09-03', 3, 9, 2026, 3),
(338, '2026-09-04', 4, 9, 2026, 3),
(339, '2026-09-05', 5, 9, 2026, 3),
(340, '2026-09-06', 6, 9, 2026, 3),
(341, '2026-09-07', 7, 9, 2026, 3),
(342, '2026-09-08', 8, 9, 2026, 3),
(343, '2026-09-09', 9, 9, 2026, 3),
(344, '2026-09-10', 10, 9, 2026, 3),
(345, '2026-09-11', 11, 9, 2026, 3),
(346, '2026-09-12', 12, 9, 2026, 3),
(347, '2026-09-13', 13, 9, 2026, 3),
(348, '2026-09-14', 14, 9, 2026, 3),
(349, '2026-09-15', 15, 9, 2026, 3),
(350, '2026-09-16', 16, 9, 2026, 3),
(351, '2026-09-17', 17, 9, 2026, 3),
(352, '2026-09-18', 18, 9, 2026, 3),
(353, '2026-09-19', 19, 9, 2026, 3),
(354, '2026-09-20', 20, 9, 2026, 3),
(355, '2026-09-21', 21, 9, 2026, 3),
(356, '2026-09-22', 22, 9, 2026, 3),
(357, '2026-09-23', 23, 9, 2026, 3),
(358, '2026-09-24', 24, 9, 2026, 3),
(359, '2026-09-25', 25, 9, 2026, 3),
(360, '2026-09-26', 26, 9, 2026, 3),
(361, '2026-09-27', 27, 9, 2026, 3),
(362, '2026-09-28', 28, 9, 2026, 3),
(363, '2026-09-29', 29, 9, 2026, 3),
(364, '2026-09-30', 30, 9, 2026, 3);

-- --------------------------------------------------------

--
-- Table structure for table `fact_kapasitas_harian`
--

CREATE TABLE `fact_kapasitas_harian` (
  `kapasitas_key` bigint(20) NOT NULL,
  `waktu_key` int(11) NOT NULL,
  `total_penitipan` int(11) DEFAULT NULL,
  `penitipan_aktif` int(11) DEFAULT NULL,
  `penitipan_pending` int(11) DEFAULT NULL,
  `penitipan_selesai` int(11) DEFAULT NULL,
  `penitipan_dibatalkan` int(11) DEFAULT NULL,
  `total_hewan` int(11) DEFAULT NULL
) ENGINE=InnoDB DEFAULT CHARSET=utf8mb4 COLLATE=utf8mb4_general_ci;

--
-- Dumping data for table `fact_kapasitas_harian`
--

INSERT INTO `fact_kapasitas_harian` (`kapasitas_key`, `waktu_key`, `total_penitipan`, `penitipan_aktif`, `penitipan_pending`, `penitipan_selesai`, `penitipan_dibatalkan`, `total_hewan`) VALUES
(1, 0, 0, NULL, NULL, NULL, NULL, 0),
(2, 1, 0, NULL, NULL, NULL, NULL, 0),
(3, 2, 0, NULL, NULL, NULL, NULL, 0),
(4, 3, 0, NULL, NULL, NULL, NULL, 0),
(5, 4, 0, NULL, NULL, NULL, NULL, 0),
(6, 5, 0, NULL, NULL, NULL, NULL, 0),
(7, 6, 14, 6, 8, 0, 0, 14),
(8, 7, 15, 7, 8, 0, 0, 15),
(9, 8, 13, 7, 6, 0, 0, 13),
(10, 9, 5, 4, 1, 0, 0, 5),
(11, 10, 2, 2, 0, 0, 0, 2),
(12, 11, 0, NULL, NULL, NULL, NULL, 0),
(13, 12, 0, NULL, NULL, NULL, NULL, 0),
(14, 13, 0, NULL, NULL, NULL, NULL, 0),
(15, 14, 0, NULL, NULL, NULL, NULL, 0),
(16, 15, 0, NULL, NULL, NULL, NULL, 0),
(17, 16, 0, NULL, NULL, NULL, NULL, 0),
(18, 17, 0, NULL, NULL, NULL, NULL, 0),
(19, 18, 0, NULL, NULL, NULL, NULL, 0),
(20, 19, 0, NULL, NULL, NULL, NULL, 0),
(21, 20, 0, NULL, NULL, NULL, NULL, 0),
(22, 21, 0, NULL, NULL, NULL, NULL, 0),
(23, 22, 0, NULL, NULL, NULL, NULL, 0),
(24, 23, 0, NULL, NULL, NULL, NULL, 0),
(25, 24, 0, NULL, NULL, NULL, NULL, 0),
(26, 25, 0, NULL, NULL, NULL, NULL, 0),
(27, 26, 0, NULL, NULL, NULL, NULL, 0),
(28, 27, 0, NULL, NULL, NULL, NULL, 0),
(29, 28, 0, NULL, NULL, NULL, NULL, 0),
(30, 29, 0, NULL, NULL, NULL, NULL, 0),
(31, 30, 0, NULL, NULL, NULL, NULL, 0),
(32, 31, 0, NULL, NULL, NULL, NULL, 0),
(33, 32, 0, NULL, NULL, NULL, NULL, 0),
(34, 33, 0, NULL, NULL, NULL, NULL, 0),
(35, 34, 0, NULL, NULL, NULL, NULL, 0),
(36, 35, 0, NULL, NULL, NULL, NULL, 0),
(37, 36, 0, NULL, NULL, NULL, NULL, 0),
(38, 37, 0, NULL, NULL, NULL, NULL, 0),
(39, 38, 0, NULL, NULL, NULL, NULL, 0),
(40, 39, 0, NULL, NULL, NULL, NULL, 0),
(41, 40, 0, NULL, NULL, NULL, NULL, 0),
(42, 41, 0, NULL, NULL, NULL, NULL, 0),
(43, 42, 0, NULL, NULL, NULL, NULL, 0),
(44, 43, 0, NULL, NULL, NULL, NULL, 0),
(45, 44, 0, NULL, NULL, NULL, NULL, 0),
(46, 45, 0, NULL, NULL, NULL, NULL, 0),
(47, 46, 0, NULL, NULL, NULL, NULL, 0),
(48, 47, 0, NULL, NULL, NULL, NULL, 0),
(49, 48, 0, NULL, NULL, NULL, NULL, 0),
(50, 49, 0, NULL, NULL, NULL, NULL, 0),
(51, 50, 0, NULL, NULL, NULL, NULL, 0),
(52, 51, 0, NULL, NULL, NULL, NULL, 0),
(53, 52, 0, NULL, NULL, NULL, NULL, 0),
(54, 53, 0, NULL, NULL, NULL, NULL, 0),
(55, 54, 0, NULL, NULL, NULL, NULL, 0),
(56, 55, 0, NULL, NULL, NULL, NULL, 0),
(57, 56, 0, NULL, NULL, NULL, NULL, 0),
(58, 57, 0, NULL, NULL, NULL, NULL, 0),
(59, 58, 0, NULL, NULL, NULL, NULL, 0),
(60, 59, 0, NULL, NULL, NULL, NULL, 0),
(61, 60, 0, NULL, NULL, NULL, NULL, 0),
(62, 61, 0, NULL, NULL, NULL, NULL, 0),
(63, 62, 0, NULL, NULL, NULL, NULL, 0),
(64, 63, 0, NULL, NULL, NULL, NULL, 0),
(65, 64, 0, NULL, NULL, NULL, NULL, 0),
(66, 65, 0, NULL, NULL, NULL, NULL, 0),
(67, 66, 0, NULL, NULL, NULL, NULL, 0),
(68, 67, 0, NULL, NULL, NULL, NULL, 0),
(69, 68, 0, NULL, NULL, NULL, NULL, 0),
(70, 69, 0, NULL, NULL, NULL, NULL, 0),
(71, 70, 0, NULL, NULL, NULL, NULL, 0),
(72, 71, 0, NULL, NULL, NULL, NULL, 0),
(73, 72, 0, NULL, NULL, NULL, NULL, 0),
(74, 73, 0, NULL, NULL, NULL, NULL, 0),
(75, 74, 0, NULL, NULL, NULL, NULL, 0),
(76, 75, 0, NULL, NULL, NULL, NULL, 0),
(77, 76, 0, NULL, NULL, NULL, NULL, 0),
(78, 77, 0, NULL, NULL, NULL, NULL, 0),
(79, 78, 0, NULL, NULL, NULL, NULL, 0),
(80, 79, 0, NULL, NULL, NULL, NULL, 0),
(81, 80, 0, NULL, NULL, NULL, NULL, 0),
(82, 81, 0, NULL, NULL, NULL, NULL, 0),
(83, 82, 0, NULL, NULL, NULL, NULL, 0),
(84, 83, 0, NULL, NULL, NULL, NULL, 0),
(85, 84, 0, NULL, NULL, NULL, NULL, 0),
(86, 85, 0, NULL, NULL, NULL, NULL, 0),
(87, 86, 0, NULL, NULL, NULL, NULL, 0),
(88, 87, 0, NULL, NULL, NULL, NULL, 0),
(89, 88, 0, NULL, NULL, NULL, NULL, 0),
(90, 89, 0, NULL, NULL, NULL, NULL, 0),
(91, 90, 0, NULL, NULL, NULL, NULL, 0),
(92, 91, 0, NULL, NULL, NULL, NULL, 0),
(93, 92, 0, NULL, NULL, NULL, NULL, 0),
(94, 93, 0, NULL, NULL, NULL, NULL, 0),
(95, 94, 0, NULL, NULL, NULL, NULL, 0),
(96, 95, 0, NULL, NULL, NULL, NULL, 0),
(97, 96, 0, NULL, NULL, NULL, NULL, 0),
(98, 97, 0, NULL, NULL, NULL, NULL, 0),
(99, 98, 0, NULL, NULL, NULL, NULL, 0),
(100, 99, 0, NULL, NULL, NULL, NULL, 0),
(101, 100, 0, NULL, NULL, NULL, NULL, 0),
(102, 101, 0, NULL, NULL, NULL, NULL, 0),
(103, 102, 0, NULL, NULL, NULL, NULL, 0),
(104, 103, 0, NULL, NULL, NULL, NULL, 0),
(105, 104, 0, NULL, NULL, NULL, NULL, 0),
(106, 105, 0, NULL, NULL, NULL, NULL, 0),
(107, 106, 0, NULL, NULL, NULL, NULL, 0),
(108, 107, 0, NULL, NULL, NULL, NULL, 0),
(109, 108, 0, NULL, NULL, NULL, NULL, 0),
(110, 109, 0, NULL, NULL, NULL, NULL, 0),
(111, 110, 0, NULL, NULL, NULL, NULL, 0),
(112, 111, 0, NULL, NULL, NULL, NULL, 0),
(113, 112, 0, NULL, NULL, NULL, NULL, 0),
(114, 113, 0, NULL, NULL, NULL, NULL, 0),
(115, 114, 0, NULL, NULL, NULL, NULL, 0),
(116, 115, 0, NULL, NULL, NULL, NULL, 0),
(117, 116, 0, NULL, NULL, NULL, NULL, 0),
(118, 117, 0, NULL, NULL, NULL, NULL, 0),
(119, 118, 0, NULL, NULL, NULL, NULL, 0),
(120, 119, 0, NULL, NULL, NULL, NULL, 0),
(121, 120, 0, NULL, NULL, NULL, NULL, 0),
(122, 121, 0, NULL, NULL, NULL, NULL, 0),
(123, 122, 0, NULL, NULL, NULL, NULL, 0),
(124, 123, 0, NULL, NULL, NULL, NULL, 0),
(125, 124, 0, NULL, NULL, NULL, NULL, 0),
(126, 125, 0, NULL, NULL, NULL, NULL, 0),
(127, 126, 0, NULL, NULL, NULL, NULL, 0),
(128, 127, 0, NULL, NULL, NULL, NULL, 0),
(129, 128, 0, NULL, NULL, NULL, NULL, 0),
(130, 129, 0, NULL, NULL, NULL, NULL, 0),
(131, 130, 0, NULL, NULL, NULL, NULL, 0),
(132, 131, 0, NULL, NULL, NULL, NULL, 0),
(133, 132, 0, NULL, NULL, NULL, NULL, 0),
(134, 133, 0, NULL, NULL, NULL, NULL, 0),
(135, 134, 0, NULL, NULL, NULL, NULL, 0),
(136, 135, 0, NULL, NULL, NULL, NULL, 0),
(137, 136, 0, NULL, NULL, NULL, NULL, 0),
(138, 137, 0, NULL, NULL, NULL, NULL, 0),
(139, 138, 0, NULL, NULL, NULL, NULL, 0),
(140, 139, 0, NULL, NULL, NULL, NULL, 0),
(141, 140, 0, NULL, NULL, NULL, NULL, 0),
(142, 141, 0, NULL, NULL, NULL, NULL, 0),
(143, 142, 0, NULL, NULL, NULL, NULL, 0),
(144, 143, 0, NULL, NULL, NULL, NULL, 0),
(145, 144, 0, NULL, NULL, NULL, NULL, 0),
(146, 145, 0, NULL, NULL, NULL, NULL, 0),
(147, 146, 0, NULL, NULL, NULL, NULL, 0),
(148, 147, 0, NULL, NULL, NULL, NULL, 0),
(149, 148, 0, NULL, NULL, NULL, NULL, 0),
(150, 149, 0, NULL, NULL, NULL, NULL, 0),
(151, 150, 0, NULL, NULL, NULL, NULL, 0),
(152, 151, 0, NULL, NULL, NULL, NULL, 0),
(153, 152, 0, NULL, NULL, NULL, NULL, 0),
(154, 153, 0, NULL, NULL, NULL, NULL, 0),
(155, 154, 0, NULL, NULL, NULL, NULL, 0),
(156, 155, 0, NULL, NULL, NULL, NULL, 0),
(157, 156, 0, NULL, NULL, NULL, NULL, 0),
(158, 157, 0, NULL, NULL, NULL, NULL, 0),
(159, 158, 0, NULL, NULL, NULL, NULL, 0),
(160, 159, 0, NULL, NULL, NULL, NULL, 0),
(161, 160, 0, NULL, NULL, NULL, NULL, 0),
(162, 161, 0, NULL, NULL, NULL, NULL, 0),
(163, 162, 0, NULL, NULL, NULL, NULL, 0),
(164, 163, 0, NULL, NULL, NULL, NULL, 0),
(165, 164, 0, NULL, NULL, NULL, NULL, 0),
(166, 165, 0, NULL, NULL, NULL, NULL, 0),
(167, 166, 0, NULL, NULL, NULL, NULL, 0),
(168, 167, 0, NULL, NULL, NULL, NULL, 0),
(169, 168, 0, NULL, NULL, NULL, NULL, 0),
(170, 169, 0, NULL, NULL, NULL, NULL, 0),
(171, 170, 0, NULL, NULL, NULL, NULL, 0),
(172, 171, 0, NULL, NULL, NULL, NULL, 0),
(173, 172, 0, NULL, NULL, NULL, NULL, 0),
(174, 173, 0, NULL, NULL, NULL, NULL, 0),
(175, 174, 0, NULL, NULL, NULL, NULL, 0),
(176, 175, 0, NULL, NULL, NULL, NULL, 0),
(177, 176, 0, NULL, NULL, NULL, NULL, 0),
(178, 177, 0, NULL, NULL, NULL, NULL, 0),
(179, 178, 0, NULL, NULL, NULL, NULL, 0),
(180, 179, 0, NULL, NULL, NULL, NULL, 0),
(181, 180, 0, NULL, NULL, NULL, NULL, 0),
(182, 181, 0, NULL, NULL, NULL, NULL, 0),
(183, 182, 0, NULL, NULL, NULL, NULL, 0),
(184, 183, 0, NULL, NULL, NULL, NULL, 0),
(185, 184, 0, NULL, NULL, NULL, NULL, 0),
(186, 185, 0, NULL, NULL, NULL, NULL, 0),
(187, 186, 0, NULL, NULL, NULL, NULL, 0),
(188, 187, 0, NULL, NULL, NULL, NULL, 0),
(189, 188, 0, NULL, NULL, NULL, NULL, 0),
(190, 189, 0, NULL, NULL, NULL, NULL, 0),
(191, 190, 0, NULL, NULL, NULL, NULL, 0),
(192, 191, 0, NULL, NULL, NULL, NULL, 0),
(193, 192, 0, NULL, NULL, NULL, NULL, 0),
(194, 193, 0, NULL, NULL, NULL, NULL, 0),
(195, 194, 0, NULL, NULL, NULL, NULL, 0),
(196, 195, 0, NULL, NULL, NULL, NULL, 0),
(197, 196, 0, NULL, NULL, NULL, NULL, 0),
(198, 197, 0, NULL, NULL, NULL, NULL, 0),
(199, 198, 0, NULL, NULL, NULL, NULL, 0),
(200, 199, 0, NULL, NULL, NULL, NULL, 0),
(201, 200, 0, NULL, NULL, NULL, NULL, 0),
(202, 201, 0, NULL, NULL, NULL, NULL, 0),
(203, 202, 0, NULL, NULL, NULL, NULL, 0),
(204, 203, 0, NULL, NULL, NULL, NULL, 0),
(205, 204, 0, NULL, NULL, NULL, NULL, 0),
(206, 205, 0, NULL, NULL, NULL, NULL, 0),
(207, 206, 0, NULL, NULL, NULL, NULL, 0),
(208, 207, 0, NULL, NULL, NULL, NULL, 0),
(209, 208, 0, NULL, NULL, NULL, NULL, 0),
(210, 209, 0, NULL, NULL, NULL, NULL, 0),
(211, 210, 0, NULL, NULL, NULL, NULL, 0),
(212, 211, 0, NULL, NULL, NULL, NULL, 0),
(213, 212, 0, NULL, NULL, NULL, NULL, 0),
(214, 213, 0, NULL, NULL, NULL, NULL, 0),
(215, 214, 0, NULL, NULL, NULL, NULL, 0),
(216, 215, 0, NULL, NULL, NULL, NULL, 0),
(217, 216, 0, NULL, NULL, NULL, NULL, 0),
(218, 217, 0, NULL, NULL, NULL, NULL, 0),
(219, 218, 0, NULL, NULL, NULL, NULL, 0),
(220, 219, 0, NULL, NULL, NULL, NULL, 0),
(221, 220, 0, NULL, NULL, NULL, NULL, 0),
(222, 221, 0, NULL, NULL, NULL, NULL, 0),
(223, 222, 0, NULL, NULL, NULL, NULL, 0),
(224, 223, 0, NULL, NULL, NULL, NULL, 0),
(225, 224, 0, NULL, NULL, NULL, NULL, 0),
(226, 225, 0, NULL, NULL, NULL, NULL, 0),
(227, 226, 0, NULL, NULL, NULL, NULL, 0),
(228, 227, 0, NULL, NULL, NULL, NULL, 0),
(229, 228, 0, NULL, NULL, NULL, NULL, 0),
(230, 229, 0, NULL, NULL, NULL, NULL, 0),
(231, 230, 0, NULL, NULL, NULL, NULL, 0),
(232, 231, 0, NULL, NULL, NULL, NULL, 0),
(233, 232, 0, NULL, NULL, NULL, NULL, 0),
(234, 233, 0, NULL, NULL, NULL, NULL, 0),
(235, 234, 0, NULL, NULL, NULL, NULL, 0),
(236, 235, 0, NULL, NULL, NULL, NULL, 0),
(237, 236, 0, NULL, NULL, NULL, NULL, 0),
(238, 237, 0, NULL, NULL, NULL, NULL, 0),
(239, 238, 0, NULL, NULL, NULL, NULL, 0),
(240, 239, 0, NULL, NULL, NULL, NULL, 0),
(241, 240, 0, NULL, NULL, NULL, NULL, 0),
(242, 241, 0, NULL, NULL, NULL, NULL, 0),
(243, 242, 0, NULL, NULL, NULL, NULL, 0),
(244, 243, 0, NULL, NULL, NULL, NULL, 0),
(245, 244, 0, NULL, NULL, NULL, NULL, 0),
(246, 245, 0, NULL, NULL, NULL, NULL, 0),
(247, 246, 0, NULL, NULL, NULL, NULL, 0),
(248, 247, 0, NULL, NULL, NULL, NULL, 0),
(249, 248, 0, NULL, NULL, NULL, NULL, 0),
(250, 249, 0, NULL, NULL, NULL, NULL, 0),
(251, 250, 0, NULL, NULL, NULL, NULL, 0),
(252, 251, 0, NULL, NULL, NULL, NULL, 0),
(253, 252, 0, NULL, NULL, NULL, NULL, 0),
(254, 253, 0, NULL, NULL, NULL, NULL, 0),
(255, 254, 0, NULL, NULL, NULL, NULL, 0),
(256, 255, 0, NULL, NULL, NULL, NULL, 0),
(257, 256, 0, NULL, NULL, NULL, NULL, 0),
(258, 257, 0, NULL, NULL, NULL, NULL, 0),
(259, 258, 0, NULL, NULL, NULL, NULL, 0),
(260, 259, 0, NULL, NULL, NULL, NULL, 0),
(261, 260, 0, NULL, NULL, NULL, NULL, 0),
(262, 261, 0, NULL, NULL, NULL, NULL, 0),
(263, 262, 0, NULL, NULL, NULL, NULL, 0),
(264, 263, 0, NULL, NULL, NULL, NULL, 0),
(265, 264, 0, NULL, NULL, NULL, NULL, 0),
(266, 265, 0, NULL, NULL, NULL, NULL, 0),
(267, 266, 0, NULL, NULL, NULL, NULL, 0),
(268, 267, 0, NULL, NULL, NULL, NULL, 0),
(269, 268, 0, NULL, NULL, NULL, NULL, 0),
(270, 269, 0, NULL, NULL, NULL, NULL, 0),
(271, 270, 0, NULL, NULL, NULL, NULL, 0),
(272, 271, 0, NULL, NULL, NULL, NULL, 0),
(273, 272, 0, NULL, NULL, NULL, NULL, 0),
(274, 273, 0, NULL, NULL, NULL, NULL, 0),
(275, 274, 0, NULL, NULL, NULL, NULL, 0),
(276, 275, 0, NULL, NULL, NULL, NULL, 0),
(277, 276, 0, NULL, NULL, NULL, NULL, 0),
(278, 277, 0, NULL, NULL, NULL, NULL, 0),
(279, 278, 0, NULL, NULL, NULL, NULL, 0),
(280, 279, 0, NULL, NULL, NULL, NULL, 0),
(281, 280, 0, NULL, NULL, NULL, NULL, 0),
(282, 281, 0, NULL, NULL, NULL, NULL, 0),
(283, 282, 0, NULL, NULL, NULL, NULL, 0),
(284, 283, 0, NULL, NULL, NULL, NULL, 0),
(285, 284, 0, NULL, NULL, NULL, NULL, 0),
(286, 285, 0, NULL, NULL, NULL, NULL, 0),
(287, 286, 0, NULL, NULL, NULL, NULL, 0),
(288, 287, 0, NULL, NULL, NULL, NULL, 0),
(289, 288, 0, NULL, NULL, NULL, NULL, 0),
(290, 289, 0, NULL, NULL, NULL, NULL, 0),
(291, 290, 0, NULL, NULL, NULL, NULL, 0),
(292, 291, 0, NULL, NULL, NULL, NULL, 0),
(293, 292, 0, NULL, NULL, NULL, NULL, 0),
(294, 293, 0, NULL, NULL, NULL, NULL, 0),
(295, 294, 0, NULL, NULL, NULL, NULL, 0),
(296, 295, 0, NULL, NULL, NULL, NULL, 0),
(297, 296, 0, NULL, NULL, NULL, NULL, 0),
(298, 297, 0, NULL, NULL, NULL, NULL, 0),
(299, 298, 0, NULL, NULL, NULL, NULL, 0),
(300, 299, 0, NULL, NULL, NULL, NULL, 0),
(301, 300, 0, NULL, NULL, NULL, NULL, 0),
(302, 301, 0, NULL, NULL, NULL, NULL, 0),
(303, 302, 0, NULL, NULL, NULL, NULL, 0),
(304, 303, 0, NULL, NULL, NULL, NULL, 0),
(305, 304, 0, NULL, NULL, NULL, NULL, 0),
(306, 305, 0, NULL, NULL, NULL, NULL, 0),
(307, 306, 0, NULL, NULL, NULL, NULL, 0),
(308, 307, 0, NULL, NULL, NULL, NULL, 0),
(309, 308, 0, NULL, NULL, NULL, NULL, 0),
(310, 309, 0, NULL, NULL, NULL, NULL, 0),
(311, 310, 0, NULL, NULL, NULL, NULL, 0),
(312, 311, 0, NULL, NULL, NULL, NULL, 0),
(313, 312, 0, NULL, NULL, NULL, NULL, 0),
(314, 313, 0, NULL, NULL, NULL, NULL, 0),
(315, 314, 0, NULL, NULL, NULL, NULL, 0),
(316, 315, 0, NULL, NULL, NULL, NULL, 0),
(317, 316, 0, NULL, NULL, NULL, NULL, 0),
(318, 317, 0, NULL, NULL, NULL, NULL, 0),
(319, 318, 0, NULL, NULL, NULL, NULL, 0),
(320, 319, 0, NULL, NULL, NULL, NULL, 0),
(321, 320, 0, NULL, NULL, NULL, NULL, 0),
(322, 321, 0, NULL, NULL, NULL, NULL, 0),
(323, 322, 0, NULL, NULL, NULL, NULL, 0),
(324, 323, 0, NULL, NULL, NULL, NULL, 0),
(325, 324, 0, NULL, NULL, NULL, NULL, 0),
(326, 325, 0, NULL, NULL, NULL, NULL, 0),
(327, 326, 0, NULL, NULL, NULL, NULL, 0),
(328, 327, 0, NULL, NULL, NULL, NULL, 0),
(329, 328, 0, NULL, NULL, NULL, NULL, 0),
(330, 329, 0, NULL, NULL, NULL, NULL, 0),
(331, 330, 0, NULL, NULL, NULL, NULL, 0),
(332, 331, 0, NULL, NULL, NULL, NULL, 0),
(333, 332, 0, NULL, NULL, NULL, NULL, 0),
(334, 333, 0, NULL, NULL, NULL, NULL, 0),
(335, 334, 0, NULL, NULL, NULL, NULL, 0),
(336, 335, 0, NULL, NULL, NULL, NULL, 0),
(337, 336, 0, NULL, NULL, NULL, NULL, 0),
(338, 337, 0, NULL, NULL, NULL, NULL, 0),
(339, 338, 0, NULL, NULL, NULL, NULL, 0),
(340, 339, 0, NULL, NULL, NULL, NULL, 0),
(341, 340, 0, NULL, NULL, NULL, NULL, 0),
(342, 341, 0, NULL, NULL, NULL, NULL, 0),
(343, 342, 0, NULL, NULL, NULL, NULL, 0),
(344, 343, 0, NULL, NULL, NULL, NULL, 0),
(345, 344, 0, NULL, NULL, NULL, NULL, 0),
(346, 345, 0, NULL, NULL, NULL, NULL, 0),
(347, 346, 0, NULL, NULL, NULL, NULL, 0),
(348, 347, 0, NULL, NULL, NULL, NULL, 0),
(349, 348, 0, NULL, NULL, NULL, NULL, 0),
(350, 349, 0, NULL, NULL, NULL, NULL, 0),
(351, 350, 0, NULL, NULL, NULL, NULL, 0),
(352, 351, 0, NULL, NULL, NULL, NULL, 0),
(353, 352, 0, NULL, NULL, NULL, NULL, 0),
(354, 353, 0, NULL, NULL, NULL, NULL, 0),
(355, 354, 0, NULL, NULL, NULL, NULL, 0),
(356, 355, 0, NULL, NULL, NULL, NULL, 0),
(357, 356, 0, NULL, NULL, NULL, NULL, 0),
(358, 357, 0, NULL, NULL, NULL, NULL, 0),
(359, 358, 0, NULL, NULL, NULL, NULL, 0),
(360, 359, 0, NULL, NULL, NULL, NULL, 0),
(361, 360, 0, NULL, NULL, NULL, NULL, 0),
(362, 361, 0, NULL, NULL, NULL, NULL, 0),
(363, 362, 0, NULL, NULL, NULL, NULL, 0),
(364, 363, 0, NULL, NULL, NULL, NULL, 0),
(365, 364, 0, NULL, NULL, NULL, NULL, 0),
(366, 0, 0, 0, 0, 0, 0, 0),
(367, 1, 0, 0, 0, 0, 0, 0),
(368, 2, 0, 0, 0, 0, 0, 0),
(369, 3, 0, 0, 0, 0, 0, 0),
(370, 4, 0, 0, 0, 0, 0, 0),
(371, 5, 0, 0, 0, 0, 0, 0),
(372, 6, 14, 6, 8, 0, 0, 14),
(373, 7, 15, 7, 8, 0, 0, 15),
(374, 8, 13, 7, 6, 0, 0, 13),
(375, 9, 5, 4, 1, 0, 0, 5),
(376, 10, 2, 2, 0, 0, 0, 2),
(377, 11, 0, 0, 0, 0, 0, 0),
(378, 12, 0, 0, 0, 0, 0, 0),
(379, 13, 0, 0, 0, 0, 0, 0),
(380, 14, 0, 0, 0, 0, 0, 0),
(381, 15, 0, 0, 0, 0, 0, 0),
(382, 16, 0, 0, 0, 0, 0, 0),
(383, 17, 0, 0, 0, 0, 0, 0),
(384, 18, 0, 0, 0, 0, 0, 0),
(385, 19, 0, 0, 0, 0, 0, 0),
(386, 20, 0, 0, 0, 0, 0, 0),
(387, 21, 0, 0, 0, 0, 0, 0),
(388, 22, 0, 0, 0, 0, 0, 0),
(389, 23, 0, 0, 0, 0, 0, 0),
(390, 24, 0, 0, 0, 0, 0, 0),
(391, 25, 0, 0, 0, 0, 0, 0),
(392, 26, 0, 0, 0, 0, 0, 0),
(393, 27, 0, 0, 0, 0, 0, 0),
(394, 28, 0, 0, 0, 0, 0, 0),
(395, 29, 0, 0, 0, 0, 0, 0),
(396, 30, 0, 0, 0, 0, 0, 0),
(397, 31, 0, 0, 0, 0, 0, 0),
(398, 32, 0, 0, 0, 0, 0, 0),
(399, 33, 0, 0, 0, 0, 0, 0),
(400, 34, 0, 0, 0, 0, 0, 0),
(401, 35, 0, 0, 0, 0, 0, 0),
(402, 36, 0, 0, 0, 0, 0, 0),
(403, 37, 0, 0, 0, 0, 0, 0),
(404, 38, 0, 0, 0, 0, 0, 0),
(405, 39, 0, 0, 0, 0, 0, 0),
(406, 40, 0, 0, 0, 0, 0, 0),
(407, 41, 0, 0, 0, 0, 0, 0),
(408, 42, 0, 0, 0, 0, 0, 0),
(409, 43, 0, 0, 0, 0, 0, 0),
(410, 44, 0, 0, 0, 0, 0, 0),
(411, 45, 0, 0, 0, 0, 0, 0),
(412, 46, 0, 0, 0, 0, 0, 0),
(413, 47, 0, 0, 0, 0, 0, 0),
(414, 48, 0, 0, 0, 0, 0, 0),
(415, 49, 0, 0, 0, 0, 0, 0),
(416, 50, 0, 0, 0, 0, 0, 0),
(417, 51, 0, 0, 0, 0, 0, 0),
(418, 52, 0, 0, 0, 0, 0, 0),
(419, 53, 0, 0, 0, 0, 0, 0),
(420, 54, 0, 0, 0, 0, 0, 0),
(421, 55, 0, 0, 0, 0, 0, 0),
(422, 56, 0, 0, 0, 0, 0, 0),
(423, 57, 0, 0, 0, 0, 0, 0),
(424, 58, 0, 0, 0, 0, 0, 0),
(425, 59, 0, 0, 0, 0, 0, 0),
(426, 60, 0, 0, 0, 0, 0, 0),
(427, 61, 0, 0, 0, 0, 0, 0),
(428, 62, 0, 0, 0, 0, 0, 0),
(429, 63, 0, 0, 0, 0, 0, 0),
(430, 64, 0, 0, 0, 0, 0, 0),
(431, 65, 0, 0, 0, 0, 0, 0),
(432, 66, 0, 0, 0, 0, 0, 0),
(433, 67, 0, 0, 0, 0, 0, 0),
(434, 68, 0, 0, 0, 0, 0, 0),
(435, 69, 0, 0, 0, 0, 0, 0),
(436, 70, 0, 0, 0, 0, 0, 0),
(437, 71, 0, 0, 0, 0, 0, 0),
(438, 72, 0, 0, 0, 0, 0, 0),
(439, 73, 0, 0, 0, 0, 0, 0),
(440, 74, 0, 0, 0, 0, 0, 0),
(441, 75, 0, 0, 0, 0, 0, 0),
(442, 76, 0, 0, 0, 0, 0, 0),
(443, 77, 0, 0, 0, 0, 0, 0),
(444, 78, 0, 0, 0, 0, 0, 0),
(445, 79, 0, 0, 0, 0, 0, 0),
(446, 80, 0, 0, 0, 0, 0, 0),
(447, 81, 0, 0, 0, 0, 0, 0),
(448, 82, 0, 0, 0, 0, 0, 0),
(449, 83, 0, 0, 0, 0, 0, 0),
(450, 84, 0, 0, 0, 0, 0, 0),
(451, 85, 0, 0, 0, 0, 0, 0),
(452, 86, 0, 0, 0, 0, 0, 0),
(453, 87, 0, 0, 0, 0, 0, 0),
(454, 88, 0, 0, 0, 0, 0, 0),
(455, 89, 0, 0, 0, 0, 0, 0),
(456, 90, 0, 0, 0, 0, 0, 0),
(457, 91, 0, 0, 0, 0, 0, 0),
(458, 92, 0, 0, 0, 0, 0, 0),
(459, 93, 0, 0, 0, 0, 0, 0),
(460, 94, 0, 0, 0, 0, 0, 0),
(461, 95, 0, 0, 0, 0, 0, 0),
(462, 96, 0, 0, 0, 0, 0, 0),
(463, 97, 0, 0, 0, 0, 0, 0),
(464, 98, 0, 0, 0, 0, 0, 0),
(465, 99, 0, 0, 0, 0, 0, 0),
(466, 100, 0, 0, 0, 0, 0, 0),
(467, 101, 0, 0, 0, 0, 0, 0),
(468, 102, 0, 0, 0, 0, 0, 0),
(469, 103, 0, 0, 0, 0, 0, 0),
(470, 104, 0, 0, 0, 0, 0, 0),
(471, 105, 0, 0, 0, 0, 0, 0),
(472, 106, 0, 0, 0, 0, 0, 0),
(473, 107, 0, 0, 0, 0, 0, 0),
(474, 108, 0, 0, 0, 0, 0, 0),
(475, 109, 0, 0, 0, 0, 0, 0),
(476, 110, 0, 0, 0, 0, 0, 0),
(477, 111, 0, 0, 0, 0, 0, 0),
(478, 112, 0, 0, 0, 0, 0, 0),
(479, 113, 0, 0, 0, 0, 0, 0),
(480, 114, 0, 0, 0, 0, 0, 0),
(481, 115, 0, 0, 0, 0, 0, 0),
(482, 116, 0, 0, 0, 0, 0, 0),
(483, 117, 0, 0, 0, 0, 0, 0),
(484, 118, 0, 0, 0, 0, 0, 0),
(485, 119, 0, 0, 0, 0, 0, 0),
(486, 120, 0, 0, 0, 0, 0, 0),
(487, 121, 0, 0, 0, 0, 0, 0),
(488, 122, 0, 0, 0, 0, 0, 0),
(489, 123, 0, 0, 0, 0, 0, 0),
(490, 124, 0, 0, 0, 0, 0, 0),
(491, 125, 0, 0, 0, 0, 0, 0),
(492, 126, 0, 0, 0, 0, 0, 0),
(493, 127, 0, 0, 0, 0, 0, 0),
(494, 128, 0, 0, 0, 0, 0, 0),
(495, 129, 0, 0, 0, 0, 0, 0),
(496, 130, 0, 0, 0, 0, 0, 0),
(497, 131, 0, 0, 0, 0, 0, 0),
(498, 132, 0, 0, 0, 0, 0, 0),
(499, 133, 0, 0, 0, 0, 0, 0),
(500, 134, 0, 0, 0, 0, 0, 0),
(501, 135, 0, 0, 0, 0, 0, 0),
(502, 136, 0, 0, 0, 0, 0, 0),
(503, 137, 0, 0, 0, 0, 0, 0),
(504, 138, 0, 0, 0, 0, 0, 0),
(505, 139, 0, 0, 0, 0, 0, 0),
(506, 140, 0, 0, 0, 0, 0, 0),
(507, 141, 0, 0, 0, 0, 0, 0),
(508, 142, 0, 0, 0, 0, 0, 0),
(509, 143, 0, 0, 0, 0, 0, 0),
(510, 144, 0, 0, 0, 0, 0, 0),
(511, 145, 0, 0, 0, 0, 0, 0),
(512, 146, 0, 0, 0, 0, 0, 0),
(513, 147, 0, 0, 0, 0, 0, 0),
(514, 148, 0, 0, 0, 0, 0, 0),
(515, 149, 0, 0, 0, 0, 0, 0),
(516, 150, 0, 0, 0, 0, 0, 0),
(517, 151, 0, 0, 0, 0, 0, 0),
(518, 152, 0, 0, 0, 0, 0, 0),
(519, 153, 0, 0, 0, 0, 0, 0),
(520, 154, 0, 0, 0, 0, 0, 0),
(521, 155, 0, 0, 0, 0, 0, 0),
(522, 156, 0, 0, 0, 0, 0, 0),
(523, 157, 0, 0, 0, 0, 0, 0),
(524, 158, 0, 0, 0, 0, 0, 0),
(525, 159, 0, 0, 0, 0, 0, 0),
(526, 160, 0, 0, 0, 0, 0, 0),
(527, 161, 0, 0, 0, 0, 0, 0),
(528, 162, 0, 0, 0, 0, 0, 0),
(529, 163, 0, 0, 0, 0, 0, 0),
(530, 164, 0, 0, 0, 0, 0, 0),
(531, 165, 0, 0, 0, 0, 0, 0),
(532, 166, 0, 0, 0, 0, 0, 0),
(533, 167, 0, 0, 0, 0, 0, 0),
(534, 168, 0, 0, 0, 0, 0, 0),
(535, 169, 0, 0, 0, 0, 0, 0),
(536, 170, 0, 0, 0, 0, 0, 0),
(537, 171, 0, 0, 0, 0, 0, 0),
(538, 172, 0, 0, 0, 0, 0, 0),
(539, 173, 0, 0, 0, 0, 0, 0),
(540, 174, 0, 0, 0, 0, 0, 0),
(541, 175, 0, 0, 0, 0, 0, 0),
(542, 176, 0, 0, 0, 0, 0, 0),
(543, 177, 0, 0, 0, 0, 0, 0),
(544, 178, 0, 0, 0, 0, 0, 0),
(545, 179, 0, 0, 0, 0, 0, 0),
(546, 180, 0, 0, 0, 0, 0, 0),
(547, 181, 0, 0, 0, 0, 0, 0),
(548, 182, 0, 0, 0, 0, 0, 0),
(549, 183, 0, 0, 0, 0, 0, 0),
(550, 184, 0, 0, 0, 0, 0, 0),
(551, 185, 0, 0, 0, 0, 0, 0),
(552, 186, 0, 0, 0, 0, 0, 0),
(553, 187, 0, 0, 0, 0, 0, 0),
(554, 188, 0, 0, 0, 0, 0, 0),
(555, 189, 0, 0, 0, 0, 0, 0),
(556, 190, 0, 0, 0, 0, 0, 0),
(557, 191, 0, 0, 0, 0, 0, 0),
(558, 192, 0, 0, 0, 0, 0, 0),
(559, 193, 0, 0, 0, 0, 0, 0),
(560, 194, 0, 0, 0, 0, 0, 0),
(561, 195, 0, 0, 0, 0, 0, 0),
(562, 196, 0, 0, 0, 0, 0, 0),
(563, 197, 0, 0, 0, 0, 0, 0),
(564, 198, 0, 0, 0, 0, 0, 0),
(565, 199, 0, 0, 0, 0, 0, 0),
(566, 200, 0, 0, 0, 0, 0, 0),
(567, 201, 0, 0, 0, 0, 0, 0),
(568, 202, 0, 0, 0, 0, 0, 0),
(569, 203, 0, 0, 0, 0, 0, 0),
(570, 204, 0, 0, 0, 0, 0, 0),
(571, 205, 0, 0, 0, 0, 0, 0),
(572, 206, 0, 0, 0, 0, 0, 0),
(573, 207, 0, 0, 0, 0, 0, 0),
(574, 208, 0, 0, 0, 0, 0, 0),
(575, 209, 0, 0, 0, 0, 0, 0),
(576, 210, 0, 0, 0, 0, 0, 0),
(577, 211, 0, 0, 0, 0, 0, 0),
(578, 212, 0, 0, 0, 0, 0, 0),
(579, 213, 0, 0, 0, 0, 0, 0),
(580, 214, 0, 0, 0, 0, 0, 0),
(581, 215, 0, 0, 0, 0, 0, 0),
(582, 216, 0, 0, 0, 0, 0, 0),
(583, 217, 0, 0, 0, 0, 0, 0),
(584, 218, 0, 0, 0, 0, 0, 0),
(585, 219, 0, 0, 0, 0, 0, 0),
(586, 220, 0, 0, 0, 0, 0, 0),
(587, 221, 0, 0, 0, 0, 0, 0),
(588, 222, 0, 0, 0, 0, 0, 0),
(589, 223, 0, 0, 0, 0, 0, 0),
(590, 224, 0, 0, 0, 0, 0, 0),
(591, 225, 0, 0, 0, 0, 0, 0),
(592, 226, 0, 0, 0, 0, 0, 0),
(593, 227, 0, 0, 0, 0, 0, 0),
(594, 228, 0, 0, 0, 0, 0, 0),
(595, 229, 0, 0, 0, 0, 0, 0),
(596, 230, 0, 0, 0, 0, 0, 0),
(597, 231, 0, 0, 0, 0, 0, 0),
(598, 232, 0, 0, 0, 0, 0, 0),
(599, 233, 0, 0, 0, 0, 0, 0),
(600, 234, 0, 0, 0, 0, 0, 0),
(601, 235, 0, 0, 0, 0, 0, 0),
(602, 236, 0, 0, 0, 0, 0, 0),
(603, 237, 0, 0, 0, 0, 0, 0),
(604, 238, 0, 0, 0, 0, 0, 0),
(605, 239, 0, 0, 0, 0, 0, 0),
(606, 240, 0, 0, 0, 0, 0, 0),
(607, 241, 0, 0, 0, 0, 0, 0),
(608, 242, 0, 0, 0, 0, 0, 0),
(609, 243, 0, 0, 0, 0, 0, 0),
(610, 244, 0, 0, 0, 0, 0, 0),
(611, 245, 0, 0, 0, 0, 0, 0),
(612, 246, 0, 0, 0, 0, 0, 0),
(613, 247, 0, 0, 0, 0, 0, 0),
(614, 248, 0, 0, 0, 0, 0, 0),
(615, 249, 0, 0, 0, 0, 0, 0),
(616, 250, 0, 0, 0, 0, 0, 0),
(617, 251, 0, 0, 0, 0, 0, 0),
(618, 252, 0, 0, 0, 0, 0, 0),
(619, 253, 0, 0, 0, 0, 0, 0),
(620, 254, 0, 0, 0, 0, 0, 0),
(621, 255, 0, 0, 0, 0, 0, 0),
(622, 256, 0, 0, 0, 0, 0, 0),
(623, 257, 0, 0, 0, 0, 0, 0),
(624, 258, 0, 0, 0, 0, 0, 0),
(625, 259, 0, 0, 0, 0, 0, 0),
(626, 260, 0, 0, 0, 0, 0, 0),
(627, 261, 0, 0, 0, 0, 0, 0),
(628, 262, 0, 0, 0, 0, 0, 0),
(629, 263, 0, 0, 0, 0, 0, 0),
(630, 264, 0, 0, 0, 0, 0, 0),
(631, 265, 0, 0, 0, 0, 0, 0),
(632, 266, 0, 0, 0, 0, 0, 0),
(633, 267, 0, 0, 0, 0, 0, 0),
(634, 268, 0, 0, 0, 0, 0, 0),
(635, 269, 0, 0, 0, 0, 0, 0),
(636, 270, 0, 0, 0, 0, 0, 0),
(637, 271, 0, 0, 0, 0, 0, 0),
(638, 272, 0, 0, 0, 0, 0, 0),
(639, 273, 0, 0, 0, 0, 0, 0),
(640, 274, 0, 0, 0, 0, 0, 0),
(641, 275, 0, 0, 0, 0, 0, 0),
(642, 276, 0, 0, 0, 0, 0, 0),
(643, 277, 0, 0, 0, 0, 0, 0),
(644, 278, 0, 0, 0, 0, 0, 0),
(645, 279, 0, 0, 0, 0, 0, 0),
(646, 280, 0, 0, 0, 0, 0, 0),
(647, 281, 0, 0, 0, 0, 0, 0),
(648, 282, 0, 0, 0, 0, 0, 0),
(649, 283, 0, 0, 0, 0, 0, 0),
(650, 284, 0, 0, 0, 0, 0, 0),
(651, 285, 0, 0, 0, 0, 0, 0),
(652, 286, 0, 0, 0, 0, 0, 0),
(653, 287, 0, 0, 0, 0, 0, 0),
(654, 288, 0, 0, 0, 0, 0, 0),
(655, 289, 0, 0, 0, 0, 0, 0),
(656, 290, 0, 0, 0, 0, 0, 0),
(657, 291, 0, 0, 0, 0, 0, 0),
(658, 292, 0, 0, 0, 0, 0, 0),
(659, 293, 0, 0, 0, 0, 0, 0),
(660, 294, 0, 0, 0, 0, 0, 0),
(661, 295, 0, 0, 0, 0, 0, 0),
(662, 296, 0, 0, 0, 0, 0, 0),
(663, 297, 0, 0, 0, 0, 0, 0),
(664, 298, 0, 0, 0, 0, 0, 0),
(665, 299, 0, 0, 0, 0, 0, 0),
(666, 300, 0, 0, 0, 0, 0, 0),
(667, 301, 0, 0, 0, 0, 0, 0),
(668, 302, 0, 0, 0, 0, 0, 0),
(669, 303, 0, 0, 0, 0, 0, 0),
(670, 304, 0, 0, 0, 0, 0, 0),
(671, 305, 0, 0, 0, 0, 0, 0),
(672, 306, 0, 0, 0, 0, 0, 0),
(673, 307, 0, 0, 0, 0, 0, 0),
(674, 308, 0, 0, 0, 0, 0, 0),
(675, 309, 0, 0, 0, 0, 0, 0),
(676, 310, 0, 0, 0, 0, 0, 0),
(677, 311, 0, 0, 0, 0, 0, 0),
(678, 312, 0, 0, 0, 0, 0, 0),
(679, 313, 0, 0, 0, 0, 0, 0),
(680, 314, 0, 0, 0, 0, 0, 0),
(681, 315, 0, 0, 0, 0, 0, 0),
(682, 316, 0, 0, 0, 0, 0, 0),
(683, 317, 0, 0, 0, 0, 0, 0),
(684, 318, 0, 0, 0, 0, 0, 0),
(685, 319, 0, 0, 0, 0, 0, 0),
(686, 320, 0, 0, 0, 0, 0, 0),
(687, 321, 0, 0, 0, 0, 0, 0),
(688, 322, 0, 0, 0, 0, 0, 0),
(689, 323, 0, 0, 0, 0, 0, 0),
(690, 324, 0, 0, 0, 0, 0, 0),
(691, 325, 0, 0, 0, 0, 0, 0),
(692, 326, 0, 0, 0, 0, 0, 0),
(693, 327, 0, 0, 0, 0, 0, 0),
(694, 328, 0, 0, 0, 0, 0, 0),
(695, 329, 0, 0, 0, 0, 0, 0),
(696, 330, 0, 0, 0, 0, 0, 0),
(697, 331, 0, 0, 0, 0, 0, 0),
(698, 332, 0, 0, 0, 0, 0, 0),
(699, 333, 0, 0, 0, 0, 0, 0),
(700, 334, 0, 0, 0, 0, 0, 0),
(701, 335, 0, 0, 0, 0, 0, 0),
(702, 336, 0, 0, 0, 0, 0, 0),
(703, 337, 0, 0, 0, 0, 0, 0),
(704, 338, 0, 0, 0, 0, 0, 0),
(705, 339, 0, 0, 0, 0, 0, 0),
(706, 340, 0, 0, 0, 0, 0, 0),
(707, 341, 0, 0, 0, 0, 0, 0),
(708, 342, 0, 0, 0, 0, 0, 0),
(709, 343, 0, 0, 0, 0, 0, 0),
(710, 344, 0, 0, 0, 0, 0, 0),
(711, 345, 0, 0, 0, 0, 0, 0),
(712, 346, 0, 0, 0, 0, 0, 0),
(713, 347, 0, 0, 0, 0, 0, 0),
(714, 348, 0, 0, 0, 0, 0, 0),
(715, 349, 0, 0, 0, 0, 0, 0),
(716, 350, 0, 0, 0, 0, 0, 0),
(717, 351, 0, 0, 0, 0, 0, 0),
(718, 352, 0, 0, 0, 0, 0, 0),
(719, 353, 0, 0, 0, 0, 0, 0),
(720, 354, 0, 0, 0, 0, 0, 0),
(721, 355, 0, 0, 0, 0, 0, 0),
(722, 356, 0, 0, 0, 0, 0, 0),
(723, 357, 0, 0, 0, 0, 0, 0),
(724, 358, 0, 0, 0, 0, 0, 0),
(725, 359, 0, 0, 0, 0, 0, 0),
(726, 360, 0, 0, 0, 0, 0, 0),
(727, 361, 0, 0, 0, 0, 0, 0),
(728, 362, 0, 0, 0, 0, 0, 0),
(729, 363, 0, 0, 0, 0, 0, 0),
(730, 364, 0, 0, 0, 0, 0, 0),
(731, 0, 0, 0, 0, 0, 0, 0),
(732, 1, 0, 0, 0, 0, 0, 0),
(733, 2, 0, 0, 0, 0, 0, 0),
(734, 3, 0, 0, 0, 0, 0, 0),
(735, 4, 0, 0, 0, 0, 0, 0),
(736, 5, 0, 0, 0, 0, 0, 0),
(737, 6, 14, 6, 8, 0, 0, 14),
(738, 7, 15, 7, 8, 0, 0, 15),
(739, 8, 13, 7, 6, 0, 0, 13),
(740, 9, 5, 4, 1, 0, 0, 5),
(741, 10, 2, 2, 0, 0, 0, 2),
(742, 11, 0, 0, 0, 0, 0, 0),
(743, 12, 0, 0, 0, 0, 0, 0),
(744, 13, 0, 0, 0, 0, 0, 0),
(745, 14, 0, 0, 0, 0, 0, 0),
(746, 15, 0, 0, 0, 0, 0, 0),
(747, 16, 0, 0, 0, 0, 0, 0),
(748, 17, 0, 0, 0, 0, 0, 0),
(749, 18, 0, 0, 0, 0, 0, 0),
(750, 19, 0, 0, 0, 0, 0, 0),
(751, 20, 0, 0, 0, 0, 0, 0),
(752, 21, 0, 0, 0, 0, 0, 0),
(753, 22, 0, 0, 0, 0, 0, 0),
(754, 23, 0, 0, 0, 0, 0, 0),
(755, 24, 0, 0, 0, 0, 0, 0),
(756, 25, 0, 0, 0, 0, 0, 0),
(757, 26, 0, 0, 0, 0, 0, 0),
(758, 27, 0, 0, 0, 0, 0, 0),
(759, 28, 0, 0, 0, 0, 0, 0),
(760, 29, 0, 0, 0, 0, 0, 0),
(761, 30, 0, 0, 0, 0, 0, 0),
(762, 31, 0, 0, 0, 0, 0, 0),
(763, 32, 0, 0, 0, 0, 0, 0),
(764, 33, 0, 0, 0, 0, 0, 0),
(765, 34, 0, 0, 0, 0, 0, 0),
(766, 35, 0, 0, 0, 0, 0, 0),
(767, 36, 0, 0, 0, 0, 0, 0),
(768, 37, 0, 0, 0, 0, 0, 0),
(769, 38, 0, 0, 0, 0, 0, 0),
(770, 39, 0, 0, 0, 0, 0, 0),
(771, 40, 0, 0, 0, 0, 0, 0),
(772, 41, 0, 0, 0, 0, 0, 0),
(773, 42, 0, 0, 0, 0, 0, 0),
(774, 43, 0, 0, 0, 0, 0, 0),
(775, 44, 0, 0, 0, 0, 0, 0),
(776, 45, 0, 0, 0, 0, 0, 0),
(777, 46, 0, 0, 0, 0, 0, 0),
(778, 47, 0, 0, 0, 0, 0, 0),
(779, 48, 0, 0, 0, 0, 0, 0),
(780, 49, 0, 0, 0, 0, 0, 0),
(781, 50, 0, 0, 0, 0, 0, 0),
(782, 51, 0, 0, 0, 0, 0, 0),
(783, 52, 0, 0, 0, 0, 0, 0),
(784, 53, 0, 0, 0, 0, 0, 0),
(785, 54, 0, 0, 0, 0, 0, 0),
(786, 55, 0, 0, 0, 0, 0, 0),
(787, 56, 0, 0, 0, 0, 0, 0),
(788, 57, 0, 0, 0, 0, 0, 0),
(789, 58, 0, 0, 0, 0, 0, 0),
(790, 59, 0, 0, 0, 0, 0, 0),
(791, 60, 0, 0, 0, 0, 0, 0),
(792, 61, 0, 0, 0, 0, 0, 0),
(793, 62, 0, 0, 0, 0, 0, 0),
(794, 63, 0, 0, 0, 0, 0, 0),
(795, 64, 0, 0, 0, 0, 0, 0),
(796, 65, 0, 0, 0, 0, 0, 0),
(797, 66, 0, 0, 0, 0, 0, 0),
(798, 67, 0, 0, 0, 0, 0, 0),
(799, 68, 0, 0, 0, 0, 0, 0),
(800, 69, 0, 0, 0, 0, 0, 0),
(801, 70, 0, 0, 0, 0, 0, 0),
(802, 71, 0, 0, 0, 0, 0, 0),
(803, 72, 0, 0, 0, 0, 0, 0),
(804, 73, 0, 0, 0, 0, 0, 0),
(805, 74, 0, 0, 0, 0, 0, 0),
(806, 75, 0, 0, 0, 0, 0, 0),
(807, 76, 0, 0, 0, 0, 0, 0),
(808, 77, 0, 0, 0, 0, 0, 0),
(809, 78, 0, 0, 0, 0, 0, 0),
(810, 79, 0, 0, 0, 0, 0, 0),
(811, 80, 0, 0, 0, 0, 0, 0),
(812, 81, 0, 0, 0, 0, 0, 0),
(813, 82, 0, 0, 0, 0, 0, 0),
(814, 83, 0, 0, 0, 0, 0, 0),
(815, 84, 0, 0, 0, 0, 0, 0),
(816, 85, 0, 0, 0, 0, 0, 0),
(817, 86, 0, 0, 0, 0, 0, 0),
(818, 87, 0, 0, 0, 0, 0, 0),
(819, 88, 0, 0, 0, 0, 0, 0),
(820, 89, 0, 0, 0, 0, 0, 0),
(821, 90, 0, 0, 0, 0, 0, 0),
(822, 91, 0, 0, 0, 0, 0, 0),
(823, 92, 0, 0, 0, 0, 0, 0),
(824, 93, 0, 0, 0, 0, 0, 0),
(825, 94, 0, 0, 0, 0, 0, 0),
(826, 95, 0, 0, 0, 0, 0, 0),
(827, 96, 0, 0, 0, 0, 0, 0),
(828, 97, 0, 0, 0, 0, 0, 0),
(829, 98, 0, 0, 0, 0, 0, 0),
(830, 99, 0, 0, 0, 0, 0, 0),
(831, 100, 0, 0, 0, 0, 0, 0),
(832, 101, 0, 0, 0, 0, 0, 0),
(833, 102, 0, 0, 0, 0, 0, 0),
(834, 103, 0, 0, 0, 0, 0, 0),
(835, 104, 0, 0, 0, 0, 0, 0),
(836, 105, 0, 0, 0, 0, 0, 0),
(837, 106, 0, 0, 0, 0, 0, 0),
(838, 107, 0, 0, 0, 0, 0, 0),
(839, 108, 0, 0, 0, 0, 0, 0),
(840, 109, 0, 0, 0, 0, 0, 0),
(841, 110, 0, 0, 0, 0, 0, 0),
(842, 111, 0, 0, 0, 0, 0, 0),
(843, 112, 0, 0, 0, 0, 0, 0),
(844, 113, 0, 0, 0, 0, 0, 0),
(845, 114, 0, 0, 0, 0, 0, 0),
(846, 115, 0, 0, 0, 0, 0, 0),
(847, 116, 0, 0, 0, 0, 0, 0),
(848, 117, 0, 0, 0, 0, 0, 0),
(849, 118, 0, 0, 0, 0, 0, 0),
(850, 119, 0, 0, 0, 0, 0, 0),
(851, 120, 0, 0, 0, 0, 0, 0),
(852, 121, 0, 0, 0, 0, 0, 0),
(853, 122, 0, 0, 0, 0, 0, 0),
(854, 123, 0, 0, 0, 0, 0, 0),
(855, 124, 0, 0, 0, 0, 0, 0),
(856, 125, 0, 0, 0, 0, 0, 0),
(857, 126, 0, 0, 0, 0, 0, 0),
(858, 127, 0, 0, 0, 0, 0, 0),
(859, 128, 0, 0, 0, 0, 0, 0),
(860, 129, 0, 0, 0, 0, 0, 0),
(861, 130, 0, 0, 0, 0, 0, 0),
(862, 131, 0, 0, 0, 0, 0, 0),
(863, 132, 0, 0, 0, 0, 0, 0),
(864, 133, 0, 0, 0, 0, 0, 0),
(865, 134, 0, 0, 0, 0, 0, 0),
(866, 135, 0, 0, 0, 0, 0, 0),
(867, 136, 0, 0, 0, 0, 0, 0),
(868, 137, 0, 0, 0, 0, 0, 0),
(869, 138, 0, 0, 0, 0, 0, 0),
(870, 139, 0, 0, 0, 0, 0, 0),
(871, 140, 0, 0, 0, 0, 0, 0),
(872, 141, 0, 0, 0, 0, 0, 0),
(873, 142, 0, 0, 0, 0, 0, 0),
(874, 143, 0, 0, 0, 0, 0, 0),
(875, 144, 0, 0, 0, 0, 0, 0),
(876, 145, 0, 0, 0, 0, 0, 0),
(877, 146, 0, 0, 0, 0, 0, 0),
(878, 147, 0, 0, 0, 0, 0, 0),
(879, 148, 0, 0, 0, 0, 0, 0),
(880, 149, 0, 0, 0, 0, 0, 0),
(881, 150, 0, 0, 0, 0, 0, 0),
(882, 151, 0, 0, 0, 0, 0, 0),
(883, 152, 0, 0, 0, 0, 0, 0),
(884, 153, 0, 0, 0, 0, 0, 0),
(885, 154, 0, 0, 0, 0, 0, 0),
(886, 155, 0, 0, 0, 0, 0, 0),
(887, 156, 0, 0, 0, 0, 0, 0),
(888, 157, 0, 0, 0, 0, 0, 0),
(889, 158, 0, 0, 0, 0, 0, 0),
(890, 159, 0, 0, 0, 0, 0, 0),
(891, 160, 0, 0, 0, 0, 0, 0),
(892, 161, 0, 0, 0, 0, 0, 0),
(893, 162, 0, 0, 0, 0, 0, 0),
(894, 163, 0, 0, 0, 0, 0, 0),
(895, 164, 0, 0, 0, 0, 0, 0),
(896, 165, 0, 0, 0, 0, 0, 0),
(897, 166, 0, 0, 0, 0, 0, 0),
(898, 167, 0, 0, 0, 0, 0, 0),
(899, 168, 0, 0, 0, 0, 0, 0),
(900, 169, 0, 0, 0, 0, 0, 0),
(901, 170, 0, 0, 0, 0, 0, 0),
(902, 171, 0, 0, 0, 0, 0, 0),
(903, 172, 0, 0, 0, 0, 0, 0),
(904, 173, 0, 0, 0, 0, 0, 0),
(905, 174, 0, 0, 0, 0, 0, 0),
(906, 175, 0, 0, 0, 0, 0, 0),
(907, 176, 0, 0, 0, 0, 0, 0),
(908, 177, 0, 0, 0, 0, 0, 0),
(909, 178, 0, 0, 0, 0, 0, 0),
(910, 179, 0, 0, 0, 0, 0, 0),
(911, 180, 0, 0, 0, 0, 0, 0),
(912, 181, 0, 0, 0, 0, 0, 0),
(913, 182, 0, 0, 0, 0, 0, 0),
(914, 183, 0, 0, 0, 0, 0, 0),
(915, 184, 0, 0, 0, 0, 0, 0),
(916, 185, 0, 0, 0, 0, 0, 0),
(917, 186, 0, 0, 0, 0, 0, 0),
(918, 187, 0, 0, 0, 0, 0, 0),
(919, 188, 0, 0, 0, 0, 0, 0),
(920, 189, 0, 0, 0, 0, 0, 0),
(921, 190, 0, 0, 0, 0, 0, 0),
(922, 191, 0, 0, 0, 0, 0, 0),
(923, 192, 0, 0, 0, 0, 0, 0),
(924, 193, 0, 0, 0, 0, 0, 0),
(925, 194, 0, 0, 0, 0, 0, 0),
(926, 195, 0, 0, 0, 0, 0, 0),
(927, 196, 0, 0, 0, 0, 0, 0),
(928, 197, 0, 0, 0, 0, 0, 0),
(929, 198, 0, 0, 0, 0, 0, 0),
(930, 199, 0, 0, 0, 0, 0, 0),
(931, 200, 0, 0, 0, 0, 0, 0),
(932, 201, 0, 0, 0, 0, 0, 0),
(933, 202, 0, 0, 0, 0, 0, 0),
(934, 203, 0, 0, 0, 0, 0, 0),
(935, 204, 0, 0, 0, 0, 0, 0),
(936, 205, 0, 0, 0, 0, 0, 0),
(937, 206, 0, 0, 0, 0, 0, 0),
(938, 207, 0, 0, 0, 0, 0, 0),
(939, 208, 0, 0, 0, 0, 0, 0),
(940, 209, 0, 0, 0, 0, 0, 0),
(941, 210, 0, 0, 0, 0, 0, 0),
(942, 211, 0, 0, 0, 0, 0, 0),
(943, 212, 0, 0, 0, 0, 0, 0),
(944, 213, 0, 0, 0, 0, 0, 0),
(945, 214, 0, 0, 0, 0, 0, 0),
(946, 215, 0, 0, 0, 0, 0, 0),
(947, 216, 0, 0, 0, 0, 0, 0),
(948, 217, 0, 0, 0, 0, 0, 0),
(949, 218, 0, 0, 0, 0, 0, 0),
(950, 219, 0, 0, 0, 0, 0, 0),
(951, 220, 0, 0, 0, 0, 0, 0),
(952, 221, 0, 0, 0, 0, 0, 0),
(953, 222, 0, 0, 0, 0, 0, 0),
(954, 223, 0, 0, 0, 0, 0, 0),
(955, 224, 0, 0, 0, 0, 0, 0),
(956, 225, 0, 0, 0, 0, 0, 0),
(957, 226, 0, 0, 0, 0, 0, 0),
(958, 227, 0, 0, 0, 0, 0, 0),
(959, 228, 0, 0, 0, 0, 0, 0),
(960, 229, 0, 0, 0, 0, 0, 0),
(961, 230, 0, 0, 0, 0, 0, 0),
(962, 231, 0, 0, 0, 0, 0, 0),
(963, 232, 0, 0, 0, 0, 0, 0),
(964, 233, 0, 0, 0, 0, 0, 0),
(965, 234, 0, 0, 0, 0, 0, 0),
(966, 235, 0, 0, 0, 0, 0, 0),
(967, 236, 0, 0, 0, 0, 0, 0),
(968, 237, 0, 0, 0, 0, 0, 0),
(969, 238, 0, 0, 0, 0, 0, 0),
(970, 239, 0, 0, 0, 0, 0, 0),
(971, 240, 0, 0, 0, 0, 0, 0),
(972, 241, 0, 0, 0, 0, 0, 0),
(973, 242, 0, 0, 0, 0, 0, 0),
(974, 243, 0, 0, 0, 0, 0, 0),
(975, 244, 0, 0, 0, 0, 0, 0),
(976, 245, 0, 0, 0, 0, 0, 0),
(977, 246, 0, 0, 0, 0, 0, 0),
(978, 247, 0, 0, 0, 0, 0, 0),
(979, 248, 0, 0, 0, 0, 0, 0),
(980, 249, 0, 0, 0, 0, 0, 0),
(981, 250, 0, 0, 0, 0, 0, 0),
(982, 251, 0, 0, 0, 0, 0, 0),
(983, 252, 0, 0, 0, 0, 0, 0),
(984, 253, 0, 0, 0, 0, 0, 0),
(985, 254, 0, 0, 0, 0, 0, 0),
(986, 255, 0, 0, 0, 0, 0, 0),
(987, 256, 0, 0, 0, 0, 0, 0),
(988, 257, 0, 0, 0, 0, 0, 0),
(989, 258, 0, 0, 0, 0, 0, 0),
(990, 259, 0, 0, 0, 0, 0, 0),
(991, 260, 0, 0, 0, 0, 0, 0),
(992, 261, 0, 0, 0, 0, 0, 0),
(993, 262, 0, 0, 0, 0, 0, 0),
(994, 263, 0, 0, 0, 0, 0, 0),
(995, 264, 0, 0, 0, 0, 0, 0),
(996, 265, 0, 0, 0, 0, 0, 0),
(997, 266, 0, 0, 0, 0, 0, 0),
(998, 267, 0, 0, 0, 0, 0, 0),
(999, 268, 0, 0, 0, 0, 0, 0),
(1000, 269, 0, 0, 0, 0, 0, 0),
(1001, 270, 0, 0, 0, 0, 0, 0),
(1002, 271, 0, 0, 0, 0, 0, 0),
(1003, 272, 0, 0, 0, 0, 0, 0),
(1004, 273, 0, 0, 0, 0, 0, 0),
(1005, 274, 0, 0, 0, 0, 0, 0),
(1006, 275, 0, 0, 0, 0, 0, 0),
(1007, 276, 0, 0, 0, 0, 0, 0),
(1008, 277, 0, 0, 0, 0, 0, 0),
(1009, 278, 0, 0, 0, 0, 0, 0),
(1010, 279, 0, 0, 0, 0, 0, 0),
(1011, 280, 0, 0, 0, 0, 0, 0),
(1012, 281, 0, 0, 0, 0, 0, 0),
(1013, 282, 0, 0, 0, 0, 0, 0),
(1014, 283, 0, 0, 0, 0, 0, 0),
(1015, 284, 0, 0, 0, 0, 0, 0),
(1016, 285, 0, 0, 0, 0, 0, 0),
(1017, 286, 0, 0, 0, 0, 0, 0),
(1018, 287, 0, 0, 0, 0, 0, 0),
(1019, 288, 0, 0, 0, 0, 0, 0),
(1020, 289, 0, 0, 0, 0, 0, 0),
(1021, 290, 0, 0, 0, 0, 0, 0),
(1022, 291, 0, 0, 0, 0, 0, 0),
(1023, 292, 0, 0, 0, 0, 0, 0),
(1024, 293, 0, 0, 0, 0, 0, 0),
(1025, 294, 0, 0, 0, 0, 0, 0),
(1026, 295, 0, 0, 0, 0, 0, 0),
(1027, 296, 0, 0, 0, 0, 0, 0),
(1028, 297, 0, 0, 0, 0, 0, 0),
(1029, 298, 0, 0, 0, 0, 0, 0),
(1030, 299, 0, 0, 0, 0, 0, 0),
(1031, 300, 0, 0, 0, 0, 0, 0),
(1032, 301, 0, 0, 0, 0, 0, 0),
(1033, 302, 0, 0, 0, 0, 0, 0),
(1034, 303, 0, 0, 0, 0, 0, 0),
(1035, 304, 0, 0, 0, 0, 0, 0),
(1036, 305, 0, 0, 0, 0, 0, 0),
(1037, 306, 0, 0, 0, 0, 0, 0),
(1038, 307, 0, 0, 0, 0, 0, 0),
(1039, 308, 0, 0, 0, 0, 0, 0),
(1040, 309, 0, 0, 0, 0, 0, 0),
(1041, 310, 0, 0, 0, 0, 0, 0),
(1042, 311, 0, 0, 0, 0, 0, 0),
(1043, 312, 0, 0, 0, 0, 0, 0),
(1044, 313, 0, 0, 0, 0, 0, 0),
(1045, 314, 0, 0, 0, 0, 0, 0),
(1046, 315, 0, 0, 0, 0, 0, 0),
(1047, 316, 0, 0, 0, 0, 0, 0),
(1048, 317, 0, 0, 0, 0, 0, 0),
(1049, 318, 0, 0, 0, 0, 0, 0),
(1050, 319, 0, 0, 0, 0, 0, 0),
(1051, 320, 0, 0, 0, 0, 0, 0),
(1052, 321, 0, 0, 0, 0, 0, 0),
(1053, 322, 0, 0, 0, 0, 0, 0),
(1054, 323, 0, 0, 0, 0, 0, 0),
(1055, 324, 0, 0, 0, 0, 0, 0),
(1056, 325, 0, 0, 0, 0, 0, 0),
(1057, 326, 0, 0, 0, 0, 0, 0),
(1058, 327, 0, 0, 0, 0, 0, 0),
(1059, 328, 0, 0, 0, 0, 0, 0),
(1060, 329, 0, 0, 0, 0, 0, 0),
(1061, 330, 0, 0, 0, 0, 0, 0),
(1062, 331, 0, 0, 0, 0, 0, 0),
(1063, 332, 0, 0, 0, 0, 0, 0),
(1064, 333, 0, 0, 0, 0, 0, 0),
(1065, 334, 0, 0, 0, 0, 0, 0),
(1066, 335, 0, 0, 0, 0, 0, 0),
(1067, 336, 0, 0, 0, 0, 0, 0),
(1068, 337, 0, 0, 0, 0, 0, 0),
(1069, 338, 0, 0, 0, 0, 0, 0),
(1070, 339, 0, 0, 0, 0, 0, 0),
(1071, 340, 0, 0, 0, 0, 0, 0),
(1072, 341, 0, 0, 0, 0, 0, 0),
(1073, 342, 0, 0, 0, 0, 0, 0),
(1074, 343, 0, 0, 0, 0, 0, 0),
(1075, 344, 0, 0, 0, 0, 0, 0),
(1076, 345, 0, 0, 0, 0, 0, 0),
(1077, 346, 0, 0, 0, 0, 0, 0),
(1078, 347, 0, 0, 0, 0, 0, 0),
(1079, 348, 0, 0, 0, 0, 0, 0),
(1080, 349, 0, 0, 0, 0, 0, 0),
(1081, 350, 0, 0, 0, 0, 0, 0),
(1082, 351, 0, 0, 0, 0, 0, 0),
(1083, 352, 0, 0, 0, 0, 0, 0),
(1084, 353, 0, 0, 0, 0, 0, 0),
(1085, 354, 0, 0, 0, 0, 0, 0),
(1086, 355, 0, 0, 0, 0, 0, 0),
(1087, 356, 0, 0, 0, 0, 0, 0),
(1088, 357, 0, 0, 0, 0, 0, 0),
(1089, 358, 0, 0, 0, 0, 0, 0),
(1090, 359, 0, 0, 0, 0, 0, 0),
(1091, 360, 0, 0, 0, 0, 0, 0),
(1092, 361, 0, 0, 0, 0, 0, 0),
(1093, 362, 0, 0, 0, 0, 0, 0),
(1094, 363, 0, 0, 0, 0, 0, 0),
(1095, 364, 0, 0, 0, 0, 0, 0);

-- --------------------------------------------------------

--
-- Table structure for table `fact_keuangan_periodik`
--

CREATE TABLE `fact_keuangan_periodik` (
  `keuangan_key` bigint(20) NOT NULL,
  `periode_yyyymm` int(11) NOT NULL,
  `tahun` int(11) NOT NULL,
  `bulan` int(11) NOT NULL,
  `total_revenue` decimal(12,2) DEFAULT NULL,
  `jumlah_transaksi` int(11) DEFAULT NULL,
  `avg_transaksi` decimal(12,2) DEFAULT NULL
) ENGINE=InnoDB DEFAULT CHARSET=utf8mb4 COLLATE=utf8mb4_general_ci;

--
-- Dumping data for table `fact_keuangan_periodik`
--

INSERT INTO `fact_keuangan_periodik` (`keuangan_key`, `periode_yyyymm`, `tahun`, `bulan`, `total_revenue`, `jumlah_transaksi`, `avg_transaksi`) VALUES
(1, 202510, 2025, 10, 2850000.00, 9, 316667.00),
(2, 202510, 2025, 10, 2850000.00, 9, 316667.00);

-- --------------------------------------------------------

--
-- Table structure for table `fact_transaksi`
--

CREATE TABLE `fact_transaksi` (
  `waktu_key` int(11) DEFAULT NULL,
  `customer_key` int(11) DEFAULT NULL,
  `hewan_key` int(11) DEFAULT NULL,
  `paket_key` int(11) DEFAULT NULL,
  `staff_key` int(11) DEFAULT NULL,
  `status_key` int(11) DEFAULT NULL,
  `pembayaran_key` int(11) DEFAULT NULL,
  `jumlah_hari` int(11) DEFAULT NULL,
  `total_biaya` decimal(10,2) DEFAULT NULL,
  `jumlah_transaksi` int(11) DEFAULT NULL,
  `id_penitipan` bigint(20) DEFAULT NULL,
  `tanggal_masuk` datetime DEFAULT NULL,
  `id_pemilik` bigint(20) DEFAULT NULL,
  `id_hewan` bigint(20) DEFAULT NULL,
  `id_paket` bigint(20) DEFAULT NULL,
  `id_staff` bigint(20) DEFAULT NULL,
  `status` varchar(10) DEFAULT NULL,
  `metode_pembayaran` varchar(12) DEFAULT NULL,
  `status_pembayaran` varchar(7) DEFAULT NULL
) ENGINE=InnoDB DEFAULT CHARSET=utf8mb4 COLLATE=utf8mb4_general_ci;

--
-- Dumping data for table `fact_transaksi`
--

INSERT INTO `fact_transaksi` (`waktu_key`, `customer_key`, `hewan_key`, `paket_key`, `staff_key`, `status_key`, `pembayaran_key`, `jumlah_hari`, `total_biaya`, `jumlah_transaksi`, `id_penitipan`, `tanggal_masuk`, `id_pemilik`, `id_hewan`, `id_paket`, `id_staff`, `status`, `metode_pembayaran`, `status_pembayaran`) VALUES
(7, 1, 1, 1, NULL, 1, 1, 2, 300000.00, 1, 1, '2025-10-08 00:00:00', 1, 1, 1, NULL, 'aktif', 'cash', 'lunas'),
(6, 2, 2, 1, NULL, 1, 2, 4, 600000.00, 1, 2, '2025-10-07 00:00:00', 2, 2, 1, NULL, 'aktif', 'qris', 'lunas'),
(9, 2, 3, 2, NULL, 1, 1, 1, 250000.00, 1, 3, '2025-10-10 00:00:00', 2, 3, 2, NULL, 'aktif', 'cash', 'lunas'),
(6, 1, 4, 1, NULL, 2, 3, 2, 300000.00, 1, 8, '2025-10-07 00:00:00', 1, 8, 1, NULL, 'pending', 'cash', 'pending'),
(6, 1, 5, 1, NULL, 2, 3, 1, 150000.00, 1, 9, '2025-10-07 00:00:00', 1, 9, 1, NULL, 'pending', 'cash', 'pending'),
(6, 1, 6, 1, NULL, 2, 3, 2, 300000.00, 1, 10, '2025-10-07 00:00:00', 1, 10, 1, NULL, 'pending', 'cash', 'pending'),
(6, 1, 7, 1, NULL, 2, 3, 2, 300000.00, 1, 11, '2025-10-07 00:00:00', 1, 11, 1, NULL, 'pending', 'cash', 'pending'),
(6, 1, 8, 1, NULL, 2, 3, 1, 150000.00, 1, 12, '2025-10-07 00:00:00', 1, 12, 1, NULL, 'pending', 'cash', 'pending'),
(6, 1, 9, 1, NULL, 2, 3, 3, 450000.00, 1, 13, '2025-10-07 00:00:00', 1, 13, 1, NULL, 'pending', 'cash', 'pending'),
(6, 1, 10, 1, NULL, 2, 3, 2, 300000.00, 1, 14, '2025-10-07 00:00:00', 1, 14, 1, NULL, 'pending', 'cash', 'pending'),
(6, 1, 11, 1, NULL, 2, 3, 2, 300000.00, 1, 15, '2025-10-07 00:00:00', 1, 15, 1, NULL, 'pending', 'cash', 'pending'),
(6, 1, 12, 1, NULL, 1, 1, 2, 300000.00, 1, 16, '2025-10-07 00:00:00', 1, 16, 1, NULL, 'aktif', 'cash', 'lunas'),
(6, 1, 13, 1, NULL, 1, 2, 2, 300000.00, 1, 17, '2025-10-07 00:00:00', 1, 17, 1, NULL, 'aktif', 'qris', 'lunas'),
(6, 1, 14, 1, NULL, 1, 2, 2, 300000.00, 1, 18, '2025-10-07 00:00:00', 1, 18, 1, NULL, 'aktif', 'qris', 'lunas'),
(8, 1, 15, 1, NULL, 1, 4, 1, 150000.00, 1, 19, '2025-10-09 00:00:00', 1, 19, 1, NULL, 'aktif', 'kartu_kredit', 'lunas'),
(6, 2, 16, 1, NULL, 1, 1, 1, 150000.00, 1, 20, '2025-10-07 00:00:00', 2, 20, 1, NULL, 'aktif', 'cash', 'lunas'),
(6, 1, 17, 1, NULL, 1, 1, 2, 500000.00, 1, 23, '2025-10-07 00:00:00', 1, 24, 1, NULL, 'aktif', 'cash', 'lunas'),
(6, 1, 17, 4, NULL, 1, 1, 1, 500000.00, 1, 23, '2025-10-07 00:00:00', 1, 24, 4, NULL, 'aktif', 'cash', 'lunas'),
(6, 1, 17, 5, NULL, 1, 1, 1, 500000.00, 1, 23, '2025-10-07 00:00:00', 1, 24, 5, NULL, 'aktif', 'cash', 'lunas');

--
-- Indexes for dumped tables
--

--
-- Indexes for table `dim_customer`
--
ALTER TABLE `dim_customer`
  ADD PRIMARY KEY (`customer_key`);

--
-- Indexes for table `dim_hewan`
--
ALTER TABLE `dim_hewan`
  ADD PRIMARY KEY (`hewan_key`);

--
-- Indexes for table `dim_paket`
--
ALTER TABLE `dim_paket`
  ADD PRIMARY KEY (`paket_key`);

--
-- Indexes for table `dim_pembayaran`
--
ALTER TABLE `dim_pembayaran`
  ADD PRIMARY KEY (`pembayaran_key`);

--
-- Indexes for table `dim_staff`
--
ALTER TABLE `dim_staff`
  ADD PRIMARY KEY (`staff_key`);

--
-- Indexes for table `dim_status_penitipan`
--
ALTER TABLE `dim_status_penitipan`
  ADD PRIMARY KEY (`status_key`);

--
-- Indexes for table `dim_waktu`
--
ALTER TABLE `dim_waktu`
  ADD PRIMARY KEY (`waktu_key`);

--
-- Indexes for table `fact_kapasitas_harian`
--
ALTER TABLE `fact_kapasitas_harian`
  ADD PRIMARY KEY (`kapasitas_key`);

--
-- Indexes for table `fact_keuangan_periodik`
--
ALTER TABLE `fact_keuangan_periodik`
  ADD PRIMARY KEY (`keuangan_key`);

--
-- AUTO_INCREMENT for dumped tables
--

--
-- AUTO_INCREMENT for table `fact_kapasitas_harian`
--
ALTER TABLE `fact_kapasitas_harian`
  MODIFY `kapasitas_key` bigint(20) NOT NULL AUTO_INCREMENT, AUTO_INCREMENT=1096;

--
-- AUTO_INCREMENT for table `fact_keuangan_periodik`
--
ALTER TABLE `fact_keuangan_periodik`
  MODIFY `keuangan_key` bigint(20) NOT NULL AUTO_INCREMENT, AUTO_INCREMENT=3;
COMMIT;

/*!40101 SET CHARACTER_SET_CLIENT=@OLD_CHARACTER_SET_CLIENT */;
/*!40101 SET CHARACTER_SET_RESULTS=@OLD_CHARACTER_SET_RESULTS */;
/*!40101 SET COLLATION_CONNECTION=@OLD_COLLATION_CONNECTION */;
