-- phpMyAdmin SQL Dump
-- version 5.2.1
-- https://www.phpmyadmin.net/
--
-- Host: 127.0.0.1
-- Generation Time: Dec 14, 2025 at 07:07 PM
-- Server version: 10.4.32-MariaDB
-- PHP Version: 8.2.12

SET SQL_MODE = "NO_AUTO_VALUE_ON_ZERO";
START TRANSACTION;
SET time_zone = "+00:00";


/*!40101 SET @OLD_CHARACTER_SET_CLIENT=@@CHARACTER_SET_CLIENT */;
/*!40101 SET @OLD_CHARACTER_SET_RESULTS=@@CHARACTER_SET_RESULTS */;
/*!40101 SET @OLD_COLLATION_CONNECTION=@@COLLATION_CONNECTION */;
/*!40101 SET NAMES utf8mb4 */;

--
-- Database: `dw_basdat`
--

-- --------------------------------------------------------

--
-- Table structure for table `dim_customer`
--

CREATE TABLE `dim_customer` (
  `customer_key` int(11) NOT NULL,
  `id_pengguna` bigint(20) DEFAULT NULL,
  `nama_lengkap` varchar(255) DEFAULT NULL,
  `email` varchar(255) DEFAULT NULL,
  `alamat` text DEFAULT NULL,
  `no_telepon` varchar(50) DEFAULT NULL
) ENGINE=InnoDB DEFAULT CHARSET=utf8mb4 COLLATE=utf8mb4_general_ci;

--
-- Dumping data for table `dim_customer`
--

INSERT INTO `dim_customer` (`customer_key`, `id_pengguna`, `nama_lengkap`, `email`, `alamat`, `no_telepon`) VALUES
(1, 1, 'Harvest Walukow', 'harvest@gmail.com', 'Surabaya', '082396333595'),
(2, 2, 'Coba Aja', 'tes1@gmail.com', 'Surabaya', '0812345678');

-- --------------------------------------------------------

--
-- Table structure for table `dim_hewan`
--

CREATE TABLE `dim_hewan` (
  `hewan_key` int(11) NOT NULL,
  `id_hewan` bigint(20) DEFAULT NULL,
  `nama_hewan` varchar(255) DEFAULT NULL,
  `jenis_hewan` varchar(100) DEFAULT NULL,
  `ras` varchar(100) DEFAULT NULL,
  `umur` int(11) DEFAULT NULL,
  `jenis_kelamin` varchar(50) DEFAULT NULL,
  `berat` decimal(8,2) DEFAULT NULL
) ENGINE=InnoDB DEFAULT CHARSET=utf8mb4 COLLATE=utf8mb4_general_ci;

--
-- Dumping data for table `dim_hewan`
--

INSERT INTO `dim_hewan` (`hewan_key`, `id_hewan`, `nama_hewan`, `jenis_hewan`, `ras`, `umur`, `jenis_kelamin`, `berat`) VALUES
(1, 1, 'Roscoe', 'dog', 'Bulldog', 20, 'tidak diketahui', 20.00),
(2, 2, 'Coco', 'dog', 'Bulldog', 20, 'tidak diketahui', 10.00),
(3, 3, 'Roscoe', 'anjing', 'Bulldog', 1, 'tidak diketahui', 2.00),
(4, 8, 'Roscoe', 'dog', 'Bulldog', 20, 'tidak diketahui', 20.00),
(5, 9, 'Roscoe', 'dog', 'Bulldog', 20, 'tidak diketahui', 20.00),
(6, 10, 'Roscoe', 'dog', 'Bulldog', 20, 'tidak diketahui', 20.00),
(7, 11, 'Roscoe', 'dog', 'Bulldog', 20, 'tidak diketahui', 20.00),
(8, 12, 'Roscoe', 'dog', 'Bulldog', 20, 'tidak diketahui', 20.00),
(9, 13, 'Black', 'dog', 'Bulldog', 20, 'tidak diketahui', 20.00),
(10, 14, 'Roscoe', 'dog', 'Bulldog', 20, 'tidak diketahui', 20.00),
(11, 15, 'Roscoe', 'dog', 'Bulldog', 20, 'tidak diketahui', 20.00),
(12, 16, 'Roscoe', 'dog', 'Bulldog', 20, 'tidak diketahui', 20.00),
(13, 17, 'Roscoe', 'dog', 'Bulldog', 20, 'tidak diketahui', 20.00),
(14, 18, 'Coco', 'dog', 'Bulldog', 20, 'tidak diketahui', 20.00),
(15, 19, 'Roscoe', 'dog', 'Bulldog', 20, 'tidak diketahui', 20.00),
(16, 20, 'Black', 'cat', 'Bulldog', 20, 'tidak diketahui', 50.00),
(17, 24, 'Helo', 'kucing', 'Bulldog', 2, 'tidak diketahui', 2.00);

-- --------------------------------------------------------

--
-- Table structure for table `dim_paket`
--

CREATE TABLE `dim_paket` (
  `paket_key` int(11) NOT NULL,
  `id_paket` bigint(20) DEFAULT NULL,
  `nama_paket` varchar(255) DEFAULT NULL,
  `harga_per_hari` decimal(10,2) DEFAULT NULL,
  `is_active` tinyint(4) DEFAULT NULL
) ENGINE=InnoDB DEFAULT CHARSET=utf8mb4 COLLATE=utf8mb4_general_ci;

--
-- Dumping data for table `dim_paket`
--

INSERT INTO `dim_paket` (`paket_key`, `id_paket`, `nama_paket`, `harga_per_hari`, `is_active`) VALUES
(1, 1, 'Paket Basic', 150000.00, 1),
(2, 2, 'Paket Premium', 250000.00, 1),
(3, 3, 'Grooming Premium', 150000.00, 1),
(4, 4, 'Kolam Renang', 100000.00, 1),
(5, 5, 'Pick-up & Delivery', 100000.00, 1),
(6, 6, 'Enrichment Extra', 45000.00, 1);

-- --------------------------------------------------------

--
-- Table structure for table `dim_pembayaran`
--

CREATE TABLE `dim_pembayaran` (
  `pembayaran_key` int(11) NOT NULL,
  `metode_pembayaran` varchar(50) DEFAULT NULL,
  `status_pembayaran` varchar(50) DEFAULT NULL
) ENGINE=InnoDB DEFAULT CHARSET=utf8mb4 COLLATE=utf8mb4_general_ci;

--
-- Dumping data for table `dim_pembayaran`
--

INSERT INTO `dim_pembayaran` (`pembayaran_key`, `metode_pembayaran`, `status_pembayaran`) VALUES
(1, 'cash', 'lunas'),
(2, 'qris', 'lunas'),
(3, 'cash', 'pending'),
(4, 'kartu_kredit', 'lunas');

-- --------------------------------------------------------

--
-- Table structure for table `dim_staff`
--

CREATE TABLE `dim_staff` (
  `staff_key` int(11) NOT NULL,
  `id_pengguna` bigint(20) DEFAULT NULL,
  `nama_lengkap` varchar(255) DEFAULT NULL,
  `email` varchar(255) DEFAULT NULL,
  `role` varchar(50) DEFAULT NULL,
  `specialization` varchar(100) DEFAULT NULL
) ENGINE=InnoDB DEFAULT CHARSET=utf8mb4 COLLATE=utf8mb4_general_ci;

--
-- Dumping data for table `dim_staff`
--

INSERT INTO `dim_staff` (`staff_key`, `id_pengguna`, `nama_lengkap`, `email`, `role`, `specialization`) VALUES
(1, 5, 'baim', 'baim@gmail.com', 'staff', 'groomer'),
(2, 6, 'Harvest', 'apes@gmail.com', 'admin', 'handler'),
(3, 8, 'Tes', 'testes@gmail.com', 'staff', 'groomer');

-- --------------------------------------------------------

--
-- Table structure for table `dim_status_penitipan`
--

CREATE TABLE `dim_status_penitipan` (
  `status_key` int(11) NOT NULL,
  `status` varchar(50) DEFAULT NULL
) ENGINE=InnoDB DEFAULT CHARSET=utf8mb4 COLLATE=utf8mb4_general_ci;

--
-- Dumping data for table `dim_status_penitipan`
--

INSERT INTO `dim_status_penitipan` (`status_key`, `status`) VALUES
(1, 'aktif'),
(2, 'pending');

-- --------------------------------------------------------

--
-- Table structure for table `dim_waktu`
--

CREATE TABLE `dim_waktu` (
  `waktu_key` int(11) NOT NULL,
  `tanggal` date DEFAULT NULL,
  `hari` int(11) DEFAULT NULL,
  `bulan` int(11) DEFAULT NULL,
  `tahun` int(11) DEFAULT NULL,
  `quarter` int(11) DEFAULT NULL
) ENGINE=InnoDB DEFAULT CHARSET=utf8mb4 COLLATE=utf8mb4_general_ci;

--
-- Dumping data for table `dim_waktu`
--

INSERT INTO `dim_waktu` (`waktu_key`, `tanggal`, `hari`, `bulan`, `tahun`, `quarter`) VALUES
(0, '2025-10-01', 1, 10, 2025, 4),
(1, '2025-10-02', 2, 10, 2025, 4),
(2, '2025-10-03', 3, 10, 2025, 4),
(3, '2025-10-04', 4, 10, 2025, 4),
(4, '2025-10-05', 5, 10, 2025, 4),
(5, '2025-10-06', 6, 10, 2025, 4),
(6, '2025-10-07', 7, 10, 2025, 4),
(7, '2025-10-08', 8, 10, 2025, 4),
(8, '2025-10-09', 9, 10, 2025, 4),
(9, '2025-10-10', 10, 10, 2025, 4),
(10, '2025-10-11', 11, 10, 2025, 4),
(11, '2025-10-12', 12, 10, 2025, 4),
(12, '2025-10-13', 13, 10, 2025, 4),
(13, '2025-10-14', 14, 10, 2025, 4),
(14, '2025-10-15', 15, 10, 2025, 4),
(15, '2025-10-16', 16, 10, 2025, 4),
(16, '2025-10-17', 17, 10, 2025, 4),
(17, '2025-10-18', 18, 10, 2025, 4),
(18, '2025-10-19', 19, 10, 2025, 4),
(19, '2025-10-20', 20, 10, 2025, 4),
(20, '2025-10-21', 21, 10, 2025, 4),
(21, '2025-10-22', 22, 10, 2025, 4),
(22, '2025-10-23', 23, 10, 2025, 4),
(23, '2025-10-24', 24, 10, 2025, 4),
(24, '2025-10-25', 25, 10, 2025, 4),
(25, '2025-10-26', 26, 10, 2025, 4),
(26, '2025-10-27', 27, 10, 2025, 4),
(27, '2025-10-28', 28, 10, 2025, 4),
(28, '2025-10-29', 29, 10, 2025, 4),
(29, '2025-10-30', 30, 10, 2025, 4),
(30, '2025-10-31', 31, 10, 2025, 4),
(31, '2025-11-01', 1, 11, 2025, 4),
(32, '2025-11-02', 2, 11, 2025, 4),
(33, '2025-11-03', 3, 11, 2025, 4),
(34, '2025-11-04', 4, 11, 2025, 4),
(35, '2025-11-05', 5, 11, 2025, 4),
(36, '2025-11-06', 6, 11, 2025, 4),
(37, '2025-11-07', 7, 11, 2025, 4),
(38, '2025-11-08', 8, 11, 2025, 4),
(39, '2025-11-09', 9, 11, 2025, 4),
(40, '2025-11-10', 10, 11, 2025, 4),
(41, '2025-11-11', 11, 11, 2025, 4),
(42, '2025-11-12', 12, 11, 2025, 4),
(43, '2025-11-13', 13, 11, 2025, 4),
(44, '2025-11-14', 14, 11, 2025, 4),
(45, '2025-11-15', 15, 11, 2025, 4),
(46, '2025-11-16', 16, 11, 2025, 4),
(47, '2025-11-17', 17, 11, 2025, 4),
(48, '2025-11-18', 18, 11, 2025, 4),
(49, '2025-11-19', 19, 11, 2025, 4),
(50, '2025-11-20', 20, 11, 2025, 4),
(51, '2025-11-21', 21, 11, 2025, 4),
(52, '2025-11-22', 22, 11, 2025, 4),
(53, '2025-11-23', 23, 11, 2025, 4),
(54, '2025-11-24', 24, 11, 2025, 4),
(55, '2025-11-25', 25, 11, 2025, 4),
(56, '2025-11-26', 26, 11, 2025, 4),
(57, '2025-11-27', 27, 11, 2025, 4),
(58, '2025-11-28', 28, 11, 2025, 4),
(59, '2025-11-29', 29, 11, 2025, 4),
(60, '2025-11-30', 30, 11, 2025, 4),
(61, '2025-12-01', 1, 12, 2025, 4),
(62, '2025-12-02', 2, 12, 2025, 4),
(63, '2025-12-03', 3, 12, 2025, 4),
(64, '2025-12-04', 4, 12, 2025, 4),
(65, '2025-12-05', 5, 12, 2025, 4),
(66, '2025-12-06', 6, 12, 2025, 4),
(67, '2025-12-07', 7, 12, 2025, 4),
(68, '2025-12-08', 8, 12, 2025, 4),
(69, '2025-12-09', 9, 12, 2025, 4),
(70, '2025-12-10', 10, 12, 2025, 4),
(71, '2025-12-11', 11, 12, 2025, 4),
(72, '2025-12-12', 12, 12, 2025, 4),
(73, '2025-12-13', 13, 12, 2025, 4),
(74, '2025-12-14', 14, 12, 2025, 4),
(75, '2025-12-15', 15, 12, 2025, 4),
(76, '2025-12-16', 16, 12, 2025, 4),
(77, '2025-12-17', 17, 12, 2025, 4),
(78, '2025-12-18', 18, 12, 2025, 4),
(79, '2025-12-19', 19, 12, 2025, 4),
(80, '2025-12-20', 20, 12, 2025, 4),
(81, '2025-12-21', 21, 12, 2025, 4),
(82, '2025-12-22', 22, 12, 2025, 4),
(83, '2025-12-23', 23, 12, 2025, 4),
(84, '2025-12-24', 24, 12, 2025, 4),
(85, '2025-12-25', 25, 12, 2025, 4),
(86, '2025-12-26', 26, 12, 2025, 4),
(87, '2025-12-27', 27, 12, 2025, 4),
(88, '2025-12-28', 28, 12, 2025, 4),
(89, '2025-12-29', 29, 12, 2025, 4),
(90, '2025-12-30', 30, 12, 2025, 4),
(91, '2025-12-31', 31, 12, 2025, 4),
(92, '2026-01-01', 1, 1, 2026, 1),
(93, '2026-01-02', 2, 1, 2026, 1),
(94, '2026-01-03', 3, 1, 2026, 1),
(95, '2026-01-04', 4, 1, 2026, 1),
(96, '2026-01-05', 5, 1, 2026, 1),
(97, '2026-01-06', 6, 1, 2026, 1),
(98, '2026-01-07', 7, 1, 2026, 1),
(99, '2026-01-08', 8, 1, 2026, 1),
(100, '2026-01-09', 9, 1, 2026, 1),
(101, '2026-01-10', 10, 1, 2026, 1),
(102, '2026-01-11', 11, 1, 2026, 1),
(103, '2026-01-12', 12, 1, 2026, 1),
(104, '2026-01-13', 13, 1, 2026, 1),
(105, '2026-01-14', 14, 1, 2026, 1),
(106, '2026-01-15', 15, 1, 2026, 1),
(107, '2026-01-16', 16, 1, 2026, 1),
(108, '2026-01-17', 17, 1, 2026, 1),
(109, '2026-01-18', 18, 1, 2026, 1),
(110, '2026-01-19', 19, 1, 2026, 1),
(111, '2026-01-20', 20, 1, 2026, 1),
(112, '2026-01-21', 21, 1, 2026, 1),
(113, '2026-01-22', 22, 1, 2026, 1),
(114, '2026-01-23', 23, 1, 2026, 1),
(115, '2026-01-24', 24, 1, 2026, 1),
(116, '2026-01-25', 25, 1, 2026, 1),
(117, '2026-01-26', 26, 1, 2026, 1),
(118, '2026-01-27', 27, 1, 2026, 1),
(119, '2026-01-28', 28, 1, 2026, 1),
(120, '2026-01-29', 29, 1, 2026, 1),
(121, '2026-01-30', 30, 1, 2026, 1),
(122, '2026-01-31', 31, 1, 2026, 1),
(123, '2026-02-01', 1, 2, 2026, 1),
(124, '2026-02-02', 2, 2, 2026, 1),
(125, '2026-02-03', 3, 2, 2026, 1),
(126, '2026-02-04', 4, 2, 2026, 1),
(127, '2026-02-05', 5, 2, 2026, 1),
(128, '2026-02-06', 6, 2, 2026, 1),
(129, '2026-02-07', 7, 2, 2026, 1),
(130, '2026-02-08', 8, 2, 2026, 1),
(131, '2026-02-09', 9, 2, 2026, 1),
(132, '2026-02-10', 10, 2, 2026, 1),
(133, '2026-02-11', 11, 2, 2026, 1),
(134, '2026-02-12', 12, 2, 2026, 1),
(135, '2026-02-13', 13, 2, 2026, 1),
(136, '2026-02-14', 14, 2, 2026, 1),
(137, '2026-02-15', 15, 2, 2026, 1),
(138, '2026-02-16', 16, 2, 2026, 1),
(139, '2026-02-17', 17, 2, 2026, 1),
(140, '2026-02-18', 18, 2, 2026, 1),
(141, '2026-02-19', 19, 2, 2026, 1),
(142, '2026-02-20', 20, 2, 2026, 1),
(143, '2026-02-21', 21, 2, 2026, 1),
(144, '2026-02-22', 22, 2, 2026, 1),
(145, '2026-02-23', 23, 2, 2026, 1),
(146, '2026-02-24', 24, 2, 2026, 1),
(147, '2026-02-25', 25, 2, 2026, 1),
(148, '2026-02-26', 26, 2, 2026, 1),
(149, '2026-02-27', 27, 2, 2026, 1),
(150, '2026-02-28', 28, 2, 2026, 1),
(151, '2026-03-01', 1, 3, 2026, 1),
(152, '2026-03-02', 2, 3, 2026, 1),
(153, '2026-03-03', 3, 3, 2026, 1),
(154, '2026-03-04', 4, 3, 2026, 1),
(155, '2026-03-05', 5, 3, 2026, 1),
(156, '2026-03-06', 6, 3, 2026, 1),
(157, '2026-03-07', 7, 3, 2026, 1),
(158, '2026-03-08', 8, 3, 2026, 1),
(159, '2026-03-09', 9, 3, 2026, 1),
(160, '2026-03-10', 10, 3, 2026, 1),
(161, '2026-03-11', 11, 3, 2026, 1),
(162, '2026-03-12', 12, 3, 2026, 1),
(163, '2026-03-13', 13, 3, 2026, 1),
(164, '2026-03-14', 14, 3, 2026, 1),
(165, '2026-03-15', 15, 3, 2026, 1),
(166, '2026-03-16', 16, 3, 2026, 1),
(167, '2026-03-17', 17, 3, 2026, 1),
(168, '2026-03-18', 18, 3, 2026, 1),
(169, '2026-03-19', 19, 3, 2026, 1),
(170, '2026-03-20', 20, 3, 2026, 1),
(171, '2026-03-21', 21, 3, 2026, 1),
(172, '2026-03-22', 22, 3, 2026, 1),
(173, '2026-03-23', 23, 3, 2026, 1),
(174, '2026-03-24', 24, 3, 2026, 1),
(175, '2026-03-25', 25, 3, 2026, 1),
(176, '2026-03-26', 26, 3, 2026, 1),
(177, '2026-03-27', 27, 3, 2026, 1),
(178, '2026-03-28', 28, 3, 2026, 1),
(179, '2026-03-29', 29, 3, 2026, 1),
(180, '2026-03-30', 30, 3, 2026, 1),
(181, '2026-03-31', 31, 3, 2026, 1),
(182, '2026-04-01', 1, 4, 2026, 2),
(183, '2026-04-02', 2, 4, 2026, 2),
(184, '2026-04-03', 3, 4, 2026, 2),
(185, '2026-04-04', 4, 4, 2026, 2),
(186, '2026-04-05', 5, 4, 2026, 2),
(187, '2026-04-06', 6, 4, 2026, 2),
(188, '2026-04-07', 7, 4, 2026, 2),
(189, '2026-04-08', 8, 4, 2026, 2),
(190, '2026-04-09', 9, 4, 2026, 2),
(191, '2026-04-10', 10, 4, 2026, 2),
(192, '2026-04-11', 11, 4, 2026, 2),
(193, '2026-04-12', 12, 4, 2026, 2),
(194, '2026-04-13', 13, 4, 2026, 2),
(195, '2026-04-14', 14, 4, 2026, 2),
(196, '2026-04-15', 15, 4, 2026, 2),
(197, '2026-04-16', 16, 4, 2026, 2),
(198, '2026-04-17', 17, 4, 2026, 2),
(199, '2026-04-18', 18, 4, 2026, 2),
(200, '2026-04-19', 19, 4, 2026, 2),
(201, '2026-04-20', 20, 4, 2026, 2),
(202, '2026-04-21', 21, 4, 2026, 2),
(203, '2026-04-22', 22, 4, 2026, 2),
(204, '2026-04-23', 23, 4, 2026, 2),
(205, '2026-04-24', 24, 4, 2026, 2),
(206, '2026-04-25', 25, 4, 2026, 2),
(207, '2026-04-26', 26, 4, 2026, 2),
(208, '2026-04-27', 27, 4, 2026, 2),
(209, '2026-04-28', 28, 4, 2026, 2),
(210, '2026-04-29', 29, 4, 2026, 2),
(211, '2026-04-30', 30, 4, 2026, 2),
(212, '2026-05-01', 1, 5, 2026, 2),
(213, '2026-05-02', 2, 5, 2026, 2),
(214, '2026-05-03', 3, 5, 2026, 2),
(215, '2026-05-04', 4, 5, 2026, 2),
(216, '2026-05-05', 5, 5, 2026, 2),
(217, '2026-05-06', 6, 5, 2026, 2),
(218, '2026-05-07', 7, 5, 2026, 2),
(219, '2026-05-08', 8, 5, 2026, 2),
(220, '2026-05-09', 9, 5, 2026, 2),
(221, '2026-05-10', 10, 5, 2026, 2),
(222, '2026-05-11', 11, 5, 2026, 2),
(223, '2026-05-12', 12, 5, 2026, 2),
(224, '2026-05-13', 13, 5, 2026, 2),
(225, '2026-05-14', 14, 5, 2026, 2),
(226, '2026-05-15', 15, 5, 2026, 2),
(227, '2026-05-16', 16, 5, 2026, 2),
(228, '2026-05-17', 17, 5, 2026, 2),
(229, '2026-05-18', 18, 5, 2026, 2),
(230, '2026-05-19', 19, 5, 2026, 2),
(231, '2026-05-20', 20, 5, 2026, 2),
(232, '2026-05-21', 21, 5, 2026, 2),
(233, '2026-05-22', 22, 5, 2026, 2),
(234, '2026-05-23', 23, 5, 2026, 2),
(235, '2026-05-24', 24, 5, 2026, 2),
(236, '2026-05-25', 25, 5, 2026, 2),
(237, '2026-05-26', 26, 5, 2026, 2),
(238, '2026-05-27', 27, 5, 2026, 2),
(239, '2026-05-28', 28, 5, 2026, 2),
(240, '2026-05-29', 29, 5, 2026, 2),
(241, '2026-05-30', 30, 5, 2026, 2),
(242, '2026-05-31', 31, 5, 2026, 2),
(243, '2026-06-01', 1, 6, 2026, 2),
(244, '2026-06-02', 2, 6, 2026, 2),
(245, '2026-06-03', 3, 6, 2026, 2),
(246, '2026-06-04', 4, 6, 2026, 2),
(247, '2026-06-05', 5, 6, 2026, 2),
(248, '2026-06-06', 6, 6, 2026, 2),
(249, '2026-06-07', 7, 6, 2026, 2),
(250, '2026-06-08', 8, 6, 2026, 2),
(251, '2026-06-09', 9, 6, 2026, 2),
(252, '2026-06-10', 10, 6, 2026, 2),
(253, '2026-06-11', 11, 6, 2026, 2),
(254, '2026-06-12', 12, 6, 2026, 2),
(255, '2026-06-13', 13, 6, 2026, 2),
(256, '2026-06-14', 14, 6, 2026, 2),
(257, '2026-06-15', 15, 6, 2026, 2),
(258, '2026-06-16', 16, 6, 2026, 2),
(259, '2026-06-17', 17, 6, 2026, 2),
(260, '2026-06-18', 18, 6, 2026, 2),
(261, '2026-06-19', 19, 6, 2026, 2),
(262, '2026-06-20', 20, 6, 2026, 2),
(263, '2026-06-21', 21, 6, 2026, 2),
(264, '2026-06-22', 22, 6, 2026, 2),
(265, '2026-06-23', 23, 6, 2026, 2),
(266, '2026-06-24', 24, 6, 2026, 2),
(267, '2026-06-25', 25, 6, 2026, 2),
(268, '2026-06-26', 26, 6, 2026, 2),
(269, '2026-06-27', 27, 6, 2026, 2),
(270, '2026-06-28', 28, 6, 2026, 2),
(271, '2026-06-29', 29, 6, 2026, 2),
(272, '2026-06-30', 30, 6, 2026, 2),
(273, '2026-07-01', 1, 7, 2026, 3),
(274, '2026-07-02', 2, 7, 2026, 3),
(275, '2026-07-03', 3, 7, 2026, 3),
(276, '2026-07-04', 4, 7, 2026, 3),
(277, '2026-07-05', 5, 7, 2026, 3),
(278, '2026-07-06', 6, 7, 2026, 3),
(279, '2026-07-07', 7, 7, 2026, 3),
(280, '2026-07-08', 8, 7, 2026, 3),
(281, '2026-07-09', 9, 7, 2026, 3),
(282, '2026-07-10', 10, 7, 2026, 3),
(283, '2026-07-11', 11, 7, 2026, 3),
(284, '2026-07-12', 12, 7, 2026, 3),
(285, '2026-07-13', 13, 7, 2026, 3),
(286, '2026-07-14', 14, 7, 2026, 3),
(287, '2026-07-15', 15, 7, 2026, 3),
(288, '2026-07-16', 16, 7, 2026, 3),
(289, '2026-07-17', 17, 7, 2026, 3),
(290, '2026-07-18', 18, 7, 2026, 3),
(291, '2026-07-19', 19, 7, 2026, 3),
(292, '2026-07-20', 20, 7, 2026, 3),
(293, '2026-07-21', 21, 7, 2026, 3),
(294, '2026-07-22', 22, 7, 2026, 3),
(295, '2026-07-23', 23, 7, 2026, 3),
(296, '2026-07-24', 24, 7, 2026, 3),
(297, '2026-07-25', 25, 7, 2026, 3),
(298, '2026-07-26', 26, 7, 2026, 3),
(299, '2026-07-27', 27, 7, 2026, 3),
(300, '2026-07-28', 28, 7, 2026, 3),
(301, '2026-07-29', 29, 7, 2026, 3),
(302, '2026-07-30', 30, 7, 2026, 3),
(303, '2026-07-31', 31, 7, 2026, 3),
(304, '2026-08-01', 1, 8, 2026, 3),
(305, '2026-08-02', 2, 8, 2026, 3),
(306, '2026-08-03', 3, 8, 2026, 3),
(307, '2026-08-04', 4, 8, 2026, 3),
(308, '2026-08-05', 5, 8, 2026, 3),
(309, '2026-08-06', 6, 8, 2026, 3),
(310, '2026-08-07', 7, 8, 2026, 3),
(311, '2026-08-08', 8, 8, 2026, 3),
(312, '2026-08-09', 9, 8, 2026, 3),
(313, '2026-08-10', 10, 8, 2026, 3),
(314, '2026-08-11', 11, 8, 2026, 3),
(315, '2026-08-12', 12, 8, 2026, 3),
(316, '2026-08-13', 13, 8, 2026, 3),
(317, '2026-08-14', 14, 8, 2026, 3),
(318, '2026-08-15', 15, 8, 2026, 3),
(319, '2026-08-16', 16, 8, 2026, 3),
(320, '2026-08-17', 17, 8, 2026, 3),
(321, '2026-08-18', 18, 8, 2026, 3),
(322, '2026-08-19', 19, 8, 2026, 3),
(323, '2026-08-20', 20, 8, 2026, 3),
(324, '2026-08-21', 21, 8, 2026, 3),
(325, '2026-08-22', 22, 8, 2026, 3),
(326, '2026-08-23', 23, 8, 2026, 3),
(327, '2026-08-24', 24, 8, 2026, 3),
(328, '2026-08-25', 25, 8, 2026, 3),
(329, '2026-08-26', 26, 8, 2026, 3),
(330, '2026-08-27', 27, 8, 2026, 3),
(331, '2026-08-28', 28, 8, 2026, 3),
(332, '2026-08-29', 29, 8, 2026, 3),
(333, '2026-08-30', 30, 8, 2026, 3),
(334, '2026-08-31', 31, 8, 2026, 3),
(335, '2026-09-01', 1, 9, 2026, 3),
(336, '2026-09-02', 2, 9, 2026, 3),
(337, '2026-09-03', 3, 9, 2026, 3),
(338, '2026-09-04', 4, 9, 2026, 3),
(339, '2026-09-05', 5, 9, 2026, 3),
(340, '2026-09-06', 6, 9, 2026, 3),
(341, '2026-09-07', 7, 9, 2026, 3),
(342, '2026-09-08', 8, 9, 2026, 3),
(343, '2026-09-09', 9, 9, 2026, 3),
(344, '2026-09-10', 10, 9, 2026, 3),
(345, '2026-09-11', 11, 9, 2026, 3),
(346, '2026-09-12', 12, 9, 2026, 3),
(347, '2026-09-13', 13, 9, 2026, 3),
(348, '2026-09-14', 14, 9, 2026, 3),
(349, '2026-09-15', 15, 9, 2026, 3),
(350, '2026-09-16', 16, 9, 2026, 3),
(351, '2026-09-17', 17, 9, 2026, 3),
(352, '2026-09-18', 18, 9, 2026, 3),
(353, '2026-09-19', 19, 9, 2026, 3),
(354, '2026-09-20', 20, 9, 2026, 3),
(355, '2026-09-21', 21, 9, 2026, 3),
(356, '2026-09-22', 22, 9, 2026, 3),
(357, '2026-09-23', 23, 9, 2026, 3),
(358, '2026-09-24', 24, 9, 2026, 3),
(359, '2026-09-25', 25, 9, 2026, 3),
(360, '2026-09-26', 26, 9, 2026, 3),
(361, '2026-09-27', 27, 9, 2026, 3),
(362, '2026-09-28', 28, 9, 2026, 3),
(363, '2026-09-29', 29, 9, 2026, 3),
(364, '2026-09-30', 30, 9, 2026, 3);

-- --------------------------------------------------------

--
-- Table structure for table `fact_customer`
--

CREATE TABLE `fact_customer` (
  `id_pemilik` bigint(20) DEFAULT NULL,
  `total_transaksi` bigint(20) DEFAULT NULL,
  `total_pengeluaran` decimal(32,2) DEFAULT NULL,
  `customer_key` int(11) DEFAULT NULL
) ENGINE=InnoDB DEFAULT CHARSET=utf8mb4 COLLATE=utf8mb4_general_ci;

--
-- Dumping data for table `fact_customer`
--

INSERT INTO `fact_customer` (`id_pemilik`, `total_transaksi`, `total_pengeluaran`, `customer_key`) VALUES
(1, 14, 4100000.00, 1),
(2, 3, 1000000.00, 2);

-- --------------------------------------------------------

--
-- Table structure for table `fact_kapasitas_harian`
--

CREATE TABLE `fact_kapasitas_harian` (
  `waktu_key` int(11) DEFAULT NULL,
  `jumlah_hewan` bigint(20) DEFAULT NULL,
  `tanggal_masuk` datetime DEFAULT NULL
) ENGINE=InnoDB DEFAULT CHARSET=utf8mb4 COLLATE=utf8mb4_general_ci;

--
-- Dumping data for table `fact_kapasitas_harian`
--

INSERT INTO `fact_kapasitas_harian` (`waktu_key`, `jumlah_hewan`, `tanggal_masuk`) VALUES
(6, 14, '2025-10-07 00:00:00'),
(7, 1, '2025-10-08 00:00:00'),
(8, 1, '2025-10-09 00:00:00'),
(9, 1, '2025-10-10 00:00:00');

-- --------------------------------------------------------

--
-- Table structure for table `fact_keuangan`
--

CREATE TABLE `fact_keuangan` (
  `tanggal_bayar` datetime DEFAULT NULL,
  `jumlah_bayar` double DEFAULT NULL,
  `metode_pembayaran` varchar(12) DEFAULT NULL,
  `status_pembayaran` varchar(7) DEFAULT NULL,
  `tanggal_lookup` datetime DEFAULT NULL,
  `waktu_key` int(11) DEFAULT NULL,
  `pembayaran_key` int(11) DEFAULT NULL,
  `jumlah_transaksi` tinytext DEFAULT NULL
) ENGINE=InnoDB DEFAULT CHARSET=utf8mb4 COLLATE=utf8mb4_general_ci;

--
-- Dumping data for table `fact_keuangan`
--

INSERT INTO `fact_keuangan` (`tanggal_bayar`, `jumlah_bayar`, `metode_pembayaran`, `status_pembayaran`, `tanggal_lookup`, `waktu_key`, `pembayaran_key`, `jumlah_transaksi`) VALUES
('2025-10-06 17:03:11', 300000, 'cash', 'lunas', '2025-10-06 00:00:00', 5, 1, '1'),
('2025-10-06 00:02:00', 600000, 'qris', 'lunas', '2025-10-06 00:00:00', 5, 2, '1'),
('2025-10-06 17:02:43', 250000, 'cash', 'lunas', '2025-10-06 00:00:00', 5, 1, '1'),
('2025-10-07 09:12:56', 300000, 'cash', 'lunas', '2025-10-07 00:00:00', 6, 1, '1'),
('2025-10-07 09:16:05', 300000, 'qris', 'lunas', '2025-10-07 00:00:00', 6, 2, '1'),
('2025-10-07 09:19:58', 300000, 'qris', 'lunas', '2025-10-07 00:00:00', 6, 2, '1'),
('2025-10-07 09:23:24', 150000, 'kartu_kredit', 'lunas', '2025-10-07 00:00:00', 6, 4, '1'),
('2025-10-07 15:03:41', 150000, 'cash', 'lunas', '2025-10-07 00:00:00', 6, 1, '1'),
('2025-10-07 15:23:43', 500000, 'cash', 'lunas', '2025-10-07 00:00:00', 6, 1, '1');

-- --------------------------------------------------------

--
-- Table structure for table `fact_layanan_periodik`
--

CREATE TABLE `fact_layanan_periodik` (
  `id_paket` bigint(20) DEFAULT NULL,
  `jumlah_paket` bigint(20) DEFAULT NULL,
  `total_pendapatan` decimal(32,2) DEFAULT NULL,
  `paket_key` int(11) DEFAULT NULL
) ENGINE=InnoDB DEFAULT CHARSET=utf8mb4 COLLATE=utf8mb4_general_ci;

--
-- Dumping data for table `fact_layanan_periodik`
--

INSERT INTO `fact_layanan_periodik` (`id_paket`, `jumlah_paket`, `total_pendapatan`, `paket_key`) VALUES
(1, 16, 4650000.00, 1),
(2, 1, 250000.00, 2),
(4, 1, 100000.00, 4),
(5, 1, 100000.00, 5);

-- --------------------------------------------------------

--
-- Table structure for table `fact_transaksi`
--

CREATE TABLE `fact_transaksi` (
  `id_penitipan` bigint(20) DEFAULT NULL,
  `tanggal_masuk` datetime DEFAULT NULL,
  `jumlah_hari` int(11) DEFAULT NULL,
  `total_biaya` double DEFAULT NULL,
  `id_pemilik` bigint(20) DEFAULT NULL,
  `id_hewan` bigint(20) DEFAULT NULL,
  `id_paket` bigint(20) DEFAULT NULL,
  `id_staff` bigint(20) DEFAULT NULL,
  `status` varchar(10) DEFAULT NULL,
  `metode_pembayaran` varchar(12) DEFAULT NULL,
  `status_pembayaran` varchar(7) DEFAULT NULL,
  `waktu_key` int(11) DEFAULT NULL,
  `customer_key` int(11) DEFAULT NULL,
  `hewan_key` int(11) DEFAULT NULL,
  `paket_key` int(11) DEFAULT NULL,
  `staff_key` int(11) DEFAULT NULL,
  `status_key` int(11) DEFAULT NULL,
  `pembayaran_key` int(11) DEFAULT NULL,
  `jumlah_transaksi` int(11) DEFAULT NULL
) ENGINE=InnoDB DEFAULT CHARSET=utf8mb4 COLLATE=utf8mb4_general_ci;

--
-- Dumping data for table `fact_transaksi`
--

INSERT INTO `fact_transaksi` (`id_penitipan`, `tanggal_masuk`, `jumlah_hari`, `total_biaya`, `id_pemilik`, `id_hewan`, `id_paket`, `id_staff`, `status`, `metode_pembayaran`, `status_pembayaran`, `waktu_key`, `customer_key`, `hewan_key`, `paket_key`, `staff_key`, `status_key`, `pembayaran_key`, `jumlah_transaksi`) VALUES
(1, '2025-10-08 00:00:00', 2, 300000, 1, 1, 1, NULL, 'aktif', 'cash', 'lunas', 7, 1, 1, 1, NULL, 1, 1, 1),
(2, '2025-10-07 00:00:00', 4, 600000, 2, 2, 1, NULL, 'aktif', 'qris', 'lunas', 6, 2, 2, 1, NULL, 1, 2, 1),
(3, '2025-10-10 00:00:00', 1, 250000, 2, 3, 2, NULL, 'aktif', 'cash', 'lunas', 9, 2, 3, 2, NULL, 1, 1, 1),
(8, '2025-10-07 00:00:00', 2, 300000, 1, 8, 1, NULL, 'pending', 'cash', 'pending', 6, 1, 4, 1, NULL, 2, 3, 1),
(9, '2025-10-07 00:00:00', 1, 150000, 1, 9, 1, NULL, 'pending', 'cash', 'pending', 6, 1, 5, 1, NULL, 2, 3, 1),
(10, '2025-10-07 00:00:00', 2, 300000, 1, 10, 1, NULL, 'pending', 'cash', 'pending', 6, 1, 6, 1, NULL, 2, 3, 1),
(11, '2025-10-07 00:00:00', 2, 300000, 1, 11, 1, NULL, 'pending', 'cash', 'pending', 6, 1, 7, 1, NULL, 2, 3, 1),
(12, '2025-10-07 00:00:00', 1, 150000, 1, 12, 1, NULL, 'pending', 'cash', 'pending', 6, 1, 8, 1, NULL, 2, 3, 1),
(13, '2025-10-07 00:00:00', 3, 450000, 1, 13, 1, NULL, 'pending', 'cash', 'pending', 6, 1, 9, 1, NULL, 2, 3, 1),
(14, '2025-10-07 00:00:00', 2, 300000, 1, 14, 1, NULL, 'pending', 'cash', 'pending', 6, 1, 10, 1, NULL, 2, 3, 1),
(15, '2025-10-07 00:00:00', 2, 300000, 1, 15, 1, NULL, 'pending', 'cash', 'pending', 6, 1, 11, 1, NULL, 2, 3, 1),
(16, '2025-10-07 00:00:00', 2, 300000, 1, 16, 1, NULL, 'aktif', 'cash', 'lunas', 6, 1, 12, 1, NULL, 1, 1, 1),
(17, '2025-10-07 00:00:00', 2, 300000, 1, 17, 1, NULL, 'aktif', 'qris', 'lunas', 6, 1, 13, 1, NULL, 1, 2, 1),
(18, '2025-10-07 00:00:00', 2, 300000, 1, 18, 1, NULL, 'aktif', 'qris', 'lunas', 6, 1, 14, 1, NULL, 1, 2, 1),
(19, '2025-10-09 00:00:00', 1, 150000, 1, 19, 1, NULL, 'aktif', 'kartu_kredit', 'lunas', 8, 1, 15, 1, NULL, 1, 4, 1),
(20, '2025-10-07 00:00:00', 1, 150000, 2, 20, 1, NULL, 'aktif', 'cash', 'lunas', 6, 2, 16, 1, NULL, 1, 1, 1),
(23, '2025-10-07 00:00:00', 2, 500000, 1, 24, 1, NULL, 'aktif', 'cash', 'lunas', 6, 1, 17, 1, NULL, 1, 1, 1),
(23, '2025-10-07 00:00:00', 1, 500000, 1, 24, 4, NULL, 'aktif', 'cash', 'lunas', 6, 1, 17, 4, NULL, 1, 1, 1),
(23, '2025-10-07 00:00:00', 1, 500000, 1, 24, 5, NULL, 'aktif', 'cash', 'lunas', 6, 1, 17, 5, NULL, 1, 1, 1);

--
-- Indexes for dumped tables
--

--
-- Indexes for table `dim_customer`
--
ALTER TABLE `dim_customer`
  ADD PRIMARY KEY (`customer_key`);

--
-- Indexes for table `dim_hewan`
--
ALTER TABLE `dim_hewan`
  ADD PRIMARY KEY (`hewan_key`);

--
-- Indexes for table `dim_paket`
--
ALTER TABLE `dim_paket`
  ADD PRIMARY KEY (`paket_key`);

--
-- Indexes for table `dim_pembayaran`
--
ALTER TABLE `dim_pembayaran`
  ADD PRIMARY KEY (`pembayaran_key`);

--
-- Indexes for table `dim_staff`
--
ALTER TABLE `dim_staff`
  ADD PRIMARY KEY (`staff_key`);

--
-- Indexes for table `dim_status_penitipan`
--
ALTER TABLE `dim_status_penitipan`
  ADD PRIMARY KEY (`status_key`);

--
-- Indexes for table `dim_waktu`
--
ALTER TABLE `dim_waktu`
  ADD PRIMARY KEY (`waktu_key`);
COMMIT;

/*!40101 SET CHARACTER_SET_CLIENT=@OLD_CHARACTER_SET_CLIENT */;
/*!40101 SET CHARACTER_SET_RESULTS=@OLD_CHARACTER_SET_RESULTS */;
/*!40101 SET COLLATION_CONNECTION=@OLD_COLLATION_CONNECTION */;
